-- phpMyAdmin SQL Dump
-- version 5.0.2
-- https://www.phpmyadmin.net/
--
-- Servidor: 127.0.0.1
-- Tiempo de generación: 10-05-2021 a las 02:04:47
-- Versión del servidor: 10.4.14-MariaDB
-- Versión de PHP: 7.4.10

SET SQL_MODE = "NO_AUTO_VALUE_ON_ZERO";
START TRANSACTION;
SET time_zone = "+00:00";


/*!40101 SET @OLD_CHARACTER_SET_CLIENT=@@CHARACTER_SET_CLIENT */;
/*!40101 SET @OLD_CHARACTER_SET_RESULTS=@@CHARACTER_SET_RESULTS */;
/*!40101 SET @OLD_COLLATION_CONNECTION=@@COLLATION_CONNECTION */;
/*!40101 SET NAMES utf8mb4 */;

--
-- Base de datos: `bookdentdatabase`
--

-- --------------------------------------------------------

--
-- Estructura de tabla para la tabla `admistracion`
--

CREATE TABLE `medico` (
  `indmedico` int(11) NOT NULL,
  `nombre` varchar(50) DEFAULT NULL,
  `apellido` varchar(50) DEFAULT NULL,
  `usuario` varchar(50) DEFAULT NULL,
  `contrasena` varchar(50) DEFAULT NULL,
  `clinica` varchar(50) DEFAULT NULL,
  `Telefono` varchar(50) DEFAULT NULL,
  `FechaNac` varchar(50) DEFAULT NULL,
  `Correo` varchar(50) DEFAULT NULL,
  `Departamento` varchar(50) DEFAULT NULL,
  `sexo` varchar(50) DEFAULT NULL
) ENGINE=InnoDB DEFAULT CHARSET=latin1;

--
-- Volcado de datos para la tabla `admistracion`
--

INSERT INTO `medico` (`indmedico`, `nombre`, `apellido`, `usuario`, `contrasena`, `clinica`, `Telefono`, `FechaNac`, `Correo`, `Departamento`, `sexo`) VALUES
(64947336, 'Melissa ', 'Gaitan Sequeira', 'Melissagaitan', '12345', NULL, NULL, NULL, 'melissa_gaitan@hotmail.com', '1', NULL),
(97974899, 'Marcel ', 'Gaitan Sequeira', 'marcelgaitan', 'marcelgaitan', NULL, NULL, NULL, 'marcelgaitans@gmail.com', '1', NULL),
(100534005, 'Roberto', 'Gaitan Pavon', 'Robertogaitanp', '12345', NULL, NULL, NULL, 'rgaitan50@yahoo.com', '1', NULL),
(125680595, 'Keyling ', 'Silva', 'keyling2021', 'keyling2021', NULL, NULL, NULL, 'silvakeyling98@gmail.com', '5', NULL),
(161809360, 'Emilio Antonio', 'Gaitan Fuentes', 'admin', '330218', NULL, NULL, NULL, 'emiliogaitan00658@gmail.com', '1', NULL),
(169683616, 'Roberto ', 'Gaitan Sequeira', 'robertog2094', '123456', 'Ortho Max', NULL, '20/11/1994', 'robertog2094@gmail.com', '1', NULL),
(178142280, 'Jorge', 'Yrigoyen', 'admin', '217280', NULL, NULL, NULL, 'jorge_yrigoyen@hotmail.com', '1', NULL),
(187699405, 'Denilson Antonio', 'Avellan', 'sudosuroot', 'sudosuroot', NULL, NULL, NULL, 'denilson.dalg@gmail.com', '1', NULL);

-- --------------------------------------------------------

--
-- Estructura de tabla para la tabla `pedido`
--

CREATE TABLE `pedido` (
  `ind` int(11) NOT NULL,
  `indmedico` int(11) DEFAULT NULL,
  `nombre_completo` varchar(50) COLLATE utf8_unicode_ci DEFAULT NULL,
  `edad` int(11) DEFAULT NULL,
  `Fecha` varchar(15) COLLATE utf8_unicode_ci DEFAULT NULL,
  `tipo_estudio` int(11) DEFAULT NULL,
  `archivo_url` varchar(100) COLLATE utf8_unicode_ci DEFAULT NULL
) ENGINE=InnoDB DEFAULT CHARSET=utf8 COLLATE=utf8_unicode_ci;

--
-- Volcado de datos para la tabla `pedido`
--

INSERT INTO `pedido` (`ind`, `indmedico`, `nombre_completo`, `edad`, `Fecha`, `tipo_estudio`, `archivo_url`) VALUES
(1, 169683616, 'Macell Gaitan', 12, '4/10/2020', 1, '../subir/169683616/01940151-9291-48b6-a847-7388f3735455.JPG'),
(2, 178142280, 'Ashly Tatiana Rodriguez', 14, '5/10/2020', 3, '../subir/178142280/Ashly Tatiana Rodriguez_h01_20201005_112257700.jpg'),
(3, 169683616, 'Byron Gutierrez', 14, '6/10/2020', 1, '../subir/169683616/Byron Gutierrez Espinoza_p02_20201006_095504451.jpg'),
(4, 169683616, 'Alejandro Lopez ', 26, '6/10/2020', 1, '../subir/64947336/Alejandro Lopez Marenco_p02_20201006_101701950.jpg'),
(5, 169683616, 'Byron Gutierrez', 14, '6/10/2020', 3, '../subir/100534005/Byron Gutierrez Espinoza_h02_20201006_095100635.jpg'),
(6, 64947336, 'Maria Camila López ', 16, '6/10/2020', 1, '../subir/64947336/Maria Camila Lopez Ruiz_p02_20201006_084240023.jpg'),
(7, 64947336, 'Argentina  Ruiz', 50, '6/10/2020', 1, '../subir/64947336/Argentina Ruiz_p02_20201006_100919402.jpg'),
(8, 100534005, 'Argentina  Ruiz', 50, '6/10/2020', 1, '../subir/100534005/Argentina Ruiz_p02_20201006_100919402.jpg'),
(9, 169683616, 'Tania Tellez Luna ', 18, '6/10/2020', 1, '../subir/169683616/Tania Tellez Luna_p04_20201006_110935382.jpg'),
(10, 100534005, 'Bryan Espinoza ', 14, '6/10/2020', 1, '../subir/100534005/Bryan Espinoza Quiroz_p02_20201006_121655097.jpg'),
(11, 64947336, 'William Tinoco Arguello', 26, '6/10/2020', 1, '../subir/64947336/William Tinoco Arguello_p02_20200930_160853322.jpg'),
(12, 169683616, 'Valery  Mena Lopez ', 12, '6/10/2020', 1, '../subir/169683616/Valery Mena Lopez_p02_20201006_131109578.jpg'),
(13, 169683616, 'Guillermina Mejia Rosales ', 13, '6/10/2020', 1, '../subir/169683616/Guillermina Mejia Rosales_p02_20201006_133825275.jpg'),
(14, 64947336, 'Guillermina Mejia Rosales', 13, '6/10/2020', 1, '../subir/64947336/Guillermina Mejia Rosales_p02_20201006_133825275.jpg'),
(15, 64947336, 'Sharazad Rahbar', 71, '6/10/2020', 1, '../subir/64947336/Sharazad Rahbar_p04_20201006_121115142.jpg'),
(16, 100534005, 'Maynor Rios', 15, '6/10/2020', 1, '../subir/100534005/Maynor Rios Ramirez_p02_20201005_120946148.jpg'),
(17, 64947336, 'Jennypher Maltez ', 31, '6/10/2020', 1, '../subir/64947336/Jennypher Massiel Maltez Gutierrez_p02_20201006_141032393.jpg'),
(18, 100534005, 'Vanessa Altamirano', 16, '6/10/2020', 1, '../subir/100534005/Vanessa Altamirano Bello_p02_20201006_142545514.jpg'),
(19, 100534005, 'Ashley Sevilla Pastran ', 15, '6/10/2020', 1, '../subir/100534005/Ashley Sevilla Pastran_p02_20201006_160642153.jpg'),
(20, 64947336, 'Belkys Orozco', 17, '6/10/2020', 3, '../subir/64947336/Belkys Orozco Midence_h02_20201006_162815675.jpg'),
(21, 64947336, 'Belkys Orozco', 17, '6/10/2020', 1, '../subir/64947336/Belkys Orozco Midence_p04_20201006_163538994.jpg'),
(22, 64947336, 'Rene Solano', 49, '6/10/2020', 1, '../subir/64947336/Rene Solano_p02_20201006_164234678.jpg'),
(23, 100534005, 'Tania Tellez', 18, '6/10/2020', 3, '../subir/100534005/Tania Tellez Luna_h02_20201006_110058741.jpg'),
(24, 100534005, 'Tania Tellez', 18, '6/10/2020', 1, '../subir/100534005/Tania Tellez Luna_p04_20201006_110935382.jpg'),
(25, 100534005, 'Heydi Calero', 35, '6/10/2020', 1, '../subir/100534005/Heydi Calero_p02_20201006_131706165.jpg'),
(26, 64947336, 'Roseling Montiel Perez', 17, '7/10/2020', 1, '../subir/64947336/Roseling Montiel Perez_p02_20201007_112131966.jpg'),
(27, 64947336, 'Roseling Montiel Perez ', 17, '7/10/2020', 3, '../subir/64947336/Roseling Montiel Perez_h02_20201007_111754490.jpg'),
(28, 100534005, 'Jessica Garcia ', 21, '7/10/2020', 1, '../subir/100534005/Jessica Garcia_p02_20201007_115508155.jpg'),
(29, 100534005, 'Ana Javiera ', 6, '7/10/2020', 1, '../subir/100534005/Ana Javiera Alfaro Garcia_p02_20201007_114847424.jpg'),
(30, 64947336, 'Alejandra Gomez', 21, '7/10/2020', 1, '../subir/64947336/Alejandra Gomez_p02_20201007_120413223.jpg'),
(31, 169683616, 'Joseling Raudez', 6, '7/10/2020', 1, '../subir/169683616/Joseling del Carmen Raudez Hernandez_p04_20201007_121621876.jpg'),
(32, 169683616, 'Mariam Guerrero Garcia ', 3, '7/10/2020', 1, '../subir/169683616/Mariam Guerrero Garcia_p02_20201007_122920987.jpg'),
(33, 100534005, 'Maria Jose Angulo ', 13, '7/10/2020', 1, '../subir/100534005/Maria Jose Angulo Urbina_p04_20201007_110931581.jpg'),
(34, 100534005, 'Maria Jose Angulo', 13, '7/10/2020', 3, '../subir/100534005/Maria Jose Angulo Urbina_h02_20201007_110136092.jpg'),
(35, 100534005, 'Cecilia Jimenez ', 19, '7/10/2020', 1, '../subir/100534005/Cecilia Jimenez Lezama_p04_20201007_101241544.jpg'),
(36, 100534005, 'Rosmery Palacio', 21, '7/10/2020', 1, '../subir/100534005/Rosmery Palacio Suarez_p02_20201007_140926755.jpg'),
(37, 64947336, 'Celeste Perez Tinoco', 1, '7/10/2020', 1, '../subir/64947336/Celeste Perez Tinoco_p02_20201007_135835033.jpg'),
(38, 64947336, 'Maria Jose Corea ', 19, '7/10/2020', 1, '../subir/64947336/Maria Jose Corea Perez_p02_20201007_134544354.jpg'),
(39, 169683616, 'Angelina Zuniga ', 12, '7/10/2020', 3, '../subir/169683616/Angelina Zuniga Buitrago_h02_20201007_141825444.jpg'),
(40, 169683616, 'Angelina Zuniga', 12, '7/10/2020', 1, '../subir/169683616/Angelina Zuniga Buitrago_p02_20201007_142109042.jpg'),
(41, 169683616, 'Isabella Martinez Rodriguez', 25, '7/10/2020', 1, '../subir/169683616/Isabella Martinez Rodriguez_p03_20201007_151053406.jpg'),
(42, 169683616, 'Isabella Martinez Rodriguez', 25, '7/10/2020', 3, '../subir/169683616/Isabella Martinez_h01_20201007_150617798.jpg'),
(43, 169683616, 'Johany Mora ', 22, '7/10/2020', 1, '../subir/169683616/Johany Andres Mora Bermudez_p02_20201007_152930553.jpg'),
(44, 169683616, 'Inder Alexander Zelaya', 16, '7/10/2020', 1, '../subir/169683616/Inder Alexander Zelaya Centeno_p04_20201007_154536085.jpg'),
(45, 169683616, 'Edgard Mejia Lopez ', 13, '7/10/2020', 1, '../subir/169683616/Edgard Mejia Lopez_p04_20201007_160645981.jpg'),
(46, 169683616, 'Karla Diaz Ortiz ', 26, '7/10/2020', 1, '../subir/169683616/Karla Diaz Ortiz_p02_20201007_164706413.jpg'),
(47, 161809360, 'EMILIO ANTONIO GAITAN FUENTES', 23, '8/10/2020', 1, '../subir/161809360/Xiomara Ruiz Fernandez_h03_20190614_101519086.jpg'),
(48, 64947336, 'Joheylis Murillo', 6, '8/10/2020', 1, '../subir/64947336/Joheylis Murillo Zeas_p02_20201008_092930322.jpg'),
(49, 64947336, 'Nelson Conrado', 19, '8/10/2020', 1, '../subir/64947336/Nelson Conrado Vega_p04_20201008_082605536.jpg'),
(50, 64947336, 'Bernardo Liam Lam ', 9, '8/10/2020', 1, '../subir/64947336/Bernardo Liam Lam Conolly_p02_20201008_084734599.jpg'),
(51, 100534005, 'Yesner Zeledon', 15, '8/10/2020', 1, '../subir/100534005/Yesner Zeledon Aragon_p04_20201008_095839830.jpg'),
(52, 100534005, 'Jeremy Gaitan ', 7, '8/10/2020', 1, '../subir/100534005/Jeremy vGaitan Galeano_p02_20201008_101749331.jpg'),
(53, 100534005, 'Jeremy Gaitan', 7, '8/10/2020', 3, '../subir/100534005/Jeremy Gaitan Galeano_p02_20201008_101749331.jpg'),
(54, 100534005, 'Cristhian Guillen ', 30, '8/10/2020', 1, '../subir/100534005/Cristian Guillen Rodriguez_p02_20201008_105153426.jpg'),
(55, 100534005, 'Vilma Francis', 20, '8/10/2020', 1, '../subir/100534005/Vilma Francis Joseph_p02_20201008_135439933.jpg'),
(56, 100534005, 'Carolina Baltodano', 130205, '8/10/2020', 1, '../subir/100534005/Carolina Alexandra Baltodano Zambrana_p02_20201008_134900845.jpg'),
(57, 100534005, 'guisselle Tinoco', 18, '8/10/2020', 1, '../subir/100534005/Guisselle Tinoco Rayo_p04_20201008_134106287.jpg'),
(58, 64947336, 'Eric Javier Rivas', 4, '8/10/2020', 1, '../subir/64947336/Eric Javier Rivas_p02_20201008_132748047.jpg'),
(59, 64947336, 'Concepcion Avile4s', 28, '8/10/2020', 1, '../subir/64947336/Concepcion Sheleby Aviles_p02_20201008_130543658.jpg'),
(60, 64947336, 'Betty Hernandez ', 19, '8/10/2020', 1, '../subir/64947336/Betty Hernandez Hoppington_p02_20201008_125812549.jpg'),
(61, 64947336, 'Carlos Lezama ', 28, '8/10/2020', 1, '../subir/64947336/Carlos Alberto Lezama Oporta_p02_20201008_125111782.jpg'),
(62, 64947336, 'Emily Pineda Sevilla', 711, '8/10/2020', 1, '../subir/64947336/Emily Anneth Pineda Sevilla_p02_20201008_124639784.jpg'),
(63, 64947336, 'Celso Mejicano', 7, '8/10/2020', 1, '../subir/64947336/Celso Mejicano_p02_20201008_124053789.jpg'),
(64, 64947336, 'Issac Ortega', 18, '8/10/2020', 1, '../subir/64947336/Isaac Ortega Marenco_p02_20201008_123010797.jpg'),
(65, 64947336, 'Oscar Aburto', 11, '8/10/2020', 1, '../subir/64947336/Oscar Aburto_p02_20201008_122359784.jpg'),
(66, 64947336, 'Reyna Robleto', 1, '8/10/2020', 1, '../subir/64947336/Reyna Robleto Hernandez_p02_20201008_120817881.jpg'),
(67, 169683616, 'Camila Reyes', 13, '8/10/2020', 1, '../subir/169683616/Camila Reyes Rojas_p02_20201008_120238365.jpg'),
(68, 169683616, 'Luz Zepeda', 27, '8/10/2020', 1, '../subir/169683616/Luz Ileana Zepeda Montes_p02_20201008_115629697.jpg'),
(69, 169683616, 'Maria Jose Bustamante', 30306, '8/10/2020', 1, '../subir/169683616/Maria Jose Bustamante_p04_20201008_115010731.jpg'),
(70, 169683616, 'Maria Jose Bustamante', 30306, '8/10/2020', 3, '../subir/169683616/Maria Jose Bustamante_h02_20201008_114516250.jpg'),
(71, 169683616, 'Jose Omar Mejia', 12, '8/10/2020', 1, '../subir/169683616/Jose Omar Mejia Leiva_p04_20201008_112249706.jpg'),
(72, 169683616, 'Jose Omar Mejia', 12, '8/10/2020', 3, '../subir/169683616/Jose Omar Mejia Leiva_h01_20201008_111717143.jpg'),
(73, 169683616, 'Mauricia Flores', 2, '8/10/2020', 3, '../subir/169683616/Mauricia del Carmen Flores Diaz_h01_20201008_112804586.jpg'),
(74, 169683616, 'Jeremy Gaitan', 7, '8/10/2020', 1, '../subir/169683616/Jeremy Gaitan Galeano_p02_20201008_101749331.jpg'),
(75, 169683616, 'Jeremy Gaitan', 7, '8/10/2020', 3, '../subir/169683616/Jeremy Gaitan Galeano_h02_20201008_101217644.jpg'),
(76, 64947336, 'Marvin Valle ', 27, '8/10/2020', 1, '../subir/64947336/Marvin Eduardo Valle Rodriguez_p04_20201008_151723216.jpg'),
(77, 64947336, 'Joheylis Murillo', 6052003, '8/10/2020', 1, '../subir/64947336/Joheylis Murillo Zeas_p02_20201008_092930322.jpg'),
(78, 64947336, 'Ricardo Bermudez', 5, '8/10/2020', 1, '../subir/64947336/Ricardo Bermudez_p02_20201008_090606762.jpg'),
(79, 64947336, 'Marvin Antonio Morales ', 12, '8/10/2020', 1, '../subir/64947336/Marvin Antonio Emes Morales_p04_20201008_153114894.jpg'),
(80, 64947336, 'Alondra Pallavicinni', 8, '8/10/2020', 1, '../subir/64947336/Alondra Pallavicinni_p02_20201008_155701189.jpg'),
(81, 100534005, 'Dylan Castellon', 2, '8/10/2020', 1, '../subir/100534005/Dylan Castellon_p04_20201008_043036647.jpg'),
(82, 169683616, 'Maria Fernanda Gomez ', 29, '9/10/2020', 1, '../subir/169683616/Maria Fernanda Gomez Toledo_p02_20201008_203929958.jpg'),
(83, 169683616, 'Amy Valentina Murillo', 1, '9/10/2020', 1, '../subir/169683616/Amy Valentina Murillo D, Trinidad_p02_20201009_085107033.jpg'),
(84, 169683616, 'Osman Jarquin', 24, '9/10/2020', 1, '../subir/169683616/Osman Jarquin_p02_20201009_090211814.jpg'),
(85, 169683616, 'Olga Valladares', 29, '9/10/2020', 1, '../subir/169683616/Olga Valladares Lopez_p02_20201009_094622800.jpg'),
(86, 169683616, 'Karina Arguello', 16, '9/10/2020', 1, '../subir/169683616/Karina Arguello Lopez_p02_20201009_095854902.jpg'),
(87, 169683616, 'Gaspar Flores', 10, '9/10/2020', 1, '../subir/169683616/Gaspar Flores Pacheco_p04_20201009_101603692.jpg'),
(88, 64947336, 'Jairo Carrillo', 24, '9/10/2020', 1, '../subir/64947336/Jairo Jose Carrillo Vega_p02_20201009_104329916.jpg'),
(89, 64947336, 'Dayana Martinez ', 13, '9/10/2020', 1, '../subir/64947336/Dayana Carolina Martinez Gaitan_p02_20201009_105305013.jpg'),
(90, 64947336, 'Keren Davila', 25, '9/10/2020', 1, '../subir/64947336/Keren Belen Davila Acevedo_p02_20201009_110924251.jpg'),
(91, 64947336, 'Keren Davila', 25, '9/10/2020', 3, '../subir/64947336/Keren Belen Davila Acevedo_h02_20201009_110600902.jpg'),
(92, 64947336, 'Janitza Gonzalez ', 11, '9/10/2020', 3, '../subir/64947336/Janitza Gonzalez Mejia_h01_20201009_111828311.jpg'),
(93, 64947336, 'Janitza Gonzalez', 11, '9/10/2020', 1, '../subir/64947336/Janitza Gonzalez Mejia_p02_20201009_112136883.jpg'),
(94, 64947336, 'Britany Corea', 23, '9/10/2020', 1, '../subir/64947336/Britany  Estrella Corea Oswald_p02_20201009_113136284.jpg'),
(95, 64947336, 'Zaira Gutierrez Saravia', 9, '9/10/2020', 1, '../subir/64947336/Zaira Gutierrez_p02_20201009_114412816.jpg'),
(96, 64947336, 'Zaira Gutierrez Saravia', 9, '9/10/2020', 3, '../subir/64947336/Zaira Gutierrez_h01_20201009_114045085.jpg'),
(97, 64947336, 'Ashly Urbina ', 13, '9/10/2020', 1, '../subir/64947336/Ashly Junieth Urbina S_p02_20201009_115530550.jpg'),
(98, 64947336, 'Kenia Solis Sanchez ', 13, '9/10/2020', 1, '../subir/64947336/Kenia Solis Sanchez_p03_20201009_120408911.jpg'),
(99, 64947336, 'Jose Picado', 15, '9/10/2020', 1, '../subir/64947336/Jose Picado Castellon_p02_20201009_121958828.jpg'),
(100, 64947336, 'Jose Picado', 15, '9/10/2020', 3, '../subir/64947336/Jose Picado Castellon_h01_20201009_121648225.jpg'),
(101, 100534005, 'Camilo Burgos', 24, '9/10/2020', 3, '../subir/100534005/Camilo Ernesto Burgos Zapata_h01_20201009_134845104.jpg'),
(102, 100534005, 'Camilo Burgos', 24, '9/10/2020', 1, '../subir/100534005/Camilo Ernesto Burgos Zapata_p02_20201009_135550922.jpg'),
(103, 100534005, 'Ashlie Gutierrez', 11, '9/10/2020', 1, '../subir/100534005/Ashlie Gutierrez Bejarano_p02_20201009_142934185.jpg'),
(104, 100534005, 'Veronica Gomez', 15, '9/10/2020', 1, '../subir/100534005/Veronica Asuncion Gomez Guerrero_p02_20201009_144356089.jpg'),
(105, 100534005, 'Veronica Gomez', 15, '9/10/2020', 3, '../subir/100534005/Veronica Asuncion Gomez Guerrero_h02_20201009_144058159.jpg'),
(106, 100534005, 'wilber Artola Ramirez', 8, '9/10/2020', 1, '../subir/100534005/Wilber Artola Ramirez_p02_20201009_144943247.jpg'),
(107, 100534005, 'Amalia Hernandez', 9, '9/10/2020', 1, '../subir/100534005/Amalia Hernandez Padilla_p02_20201009_145730833.jpg'),
(108, 100534005, 'Nataly Lopez', 27, '9/10/2020', 3, '../subir/100534005/Nataly Lopez Ramos_h02_20201009_151226386.jpg'),
(109, 100534005, 'Nataly Lopez', 27, '9/10/2020', 1, '../subir/100534005/Nataly Lopez Ramos_p02_20201009_151654707.jpg'),
(110, 100534005, 'sofia Kuan', 9, '9/10/2020', 1, '../subir/100534005/Sofia Kuan Enriquez_p02_20201009_152354620.jpg'),
(111, 100534005, 'Cinthya Oporta Pineda ', 29, '9/10/2020', 1, '../subir/100534005/Cinthya Maria Oporta Pineda_p02_20201009_153126467.jpg'),
(112, 100534005, 'Arling Gomez Calderon', 18, '9/10/2020', 1, '../subir/100534005/Arling Joel Gomez Calderon_p02_20201009_154124322.jpg'),
(113, 169683616, 'Leticia Martinez ', 28, '10/10/2020', 1, '../subir/169683616/Leticia Isabel Martinez Arriaza_p02_20201010_082141463.jpg'),
(114, 169683616, 'Alejandra Vasconcelo', 19, '10/10/2020', 1, '../subir/169683616/Alejandra Vasconcelo Villavicencio_p04_20201010_081711042.jpg'),
(115, 169683616, 'Alejandra Vasconcelo', 19, '10/10/2020', 3, '../subir/169683616/Alejandra Vasconcelo Villavicencio_h02_20201010_081235508.jpg'),
(116, 169683616, 'Sergio Solorzano', 18, '10/10/2020', 1, '../subir/169683616/Sergio Solorzano Garcia_p04_20201010_083137149.jpg'),
(117, 169683616, 'Alfonso Marin Leiva', 6, '10/10/2020', 1, '../subir/169683616/Alfonso Marin Leiva_p02_20201010_083805243.jpg'),
(118, 169683616, 'Maria Herrera Jarquin', 15, '10/10/2020', 1, '../subir/169683616/Maria Herrera Jarquin_p02_20201010_084311127.jpg'),
(119, 169683616, 'Francis Sanchez ', 26, '10/10/2020', 1, '../subir/169683616/Francis Maria Sanchez Zepeda_p02_20201010_084934596.jpg'),
(120, 64947336, 'Lizandro Saul Parajon Alvarez', 1, '10/10/2020', 1, '../subir/64947336/Lizandro Saul Parajon Alvarez_p02_20201010_092532170.jpg'),
(121, 64947336, 'Kevin Perez Castillo', 25, '10/10/2020', 3, '../subir/64947336/Kevin Alexander Perez Castillo_h02_20201010_101429027.jpg'),
(122, 64947336, 'Kevin Perez Castillo', 25, '10/10/2020', 1, '../subir/64947336/Kevin Alexander Perez Castillo_p04_20201010_102057124.jpg'),
(123, 64947336, 'Aleyda Toruño', 4, '10/10/2020', 1, '../subir/64947336/Aleyda Toruño Silva_p02_20201010_102859791.jpg'),
(124, 169683616, 'Claudia  Rivera', 2255, '10/10/2020', 1, '../subir/169683616/Claudia Abigail Rivera_p02_20201007_133518225.jpg'),
(125, 64947336, 'Elisa Guardado', 25, '10/10/2020', 3, '../subir/64947336/Elisa Guardado Prado_h01_20201010_110119938.jpg'),
(126, 64947336, 'Enmanhuel Torres', 2, '10/10/2020', 1, '../subir/64947336/Enmanuel Torres Moreno_p02_20201010_110547473.jpg'),
(127, 64947336, 'Rosa Mendoza', 31, '10/10/2020', 1, '../subir/64947336/Rosa Adilia Mendoza Mendoza_p02_20201010_111029796.jpg'),
(128, 64947336, 'Meyling Reyes ', 5, '10/10/2020', 3, '../subir/64947336/Meyling Reyes Robles_h03_20201010_112956993.jpg'),
(129, 64947336, 'Josue Cardoza', 16, '10/10/2020', 1, '../subir/64947336/Josue Zabdiel Cardoza Hernandez_p02_20201010_113414498.jpg'),
(130, 64947336, 'Claudia Palacios', 18, '10/10/2020', 1, '../subir/64947336/Claudia Palacios Vasquez_p02_20201010_112201360.jpg'),
(131, 64947336, 'Hellen Cuadra ', 22, '10/10/2020', 3, '../subir/64947336/Hellen Cuadra Aguilar_h02_20201010_114116520.jpg'),
(132, 64947336, 'Hellen Cuadra', 22, '10/10/2020', 1, '../subir/64947336/Hellen Cuadra Aguilar_p02_20201010_114357638.jpg'),
(133, 64947336, 'Leonel Calderon', 23, '10/10/2020', 3, '../subir/64947336/Leonel Salomon Calderon Rosales_h01_20201010_115429833.jpg'),
(134, 64947336, 'Leonel Calderon', 23, '10/10/2020', 1, '../subir/64947336/Leonel Salomon Calderon Rosales_p03_20201010_115746977.jpg'),
(135, 100534005, 'Joseling Betanco', 29, '12/10/2020', 1, '../subir/100534005/Joseling Betanco Castillo_p02_20201012_084913450.jpg'),
(136, 100534005, 'Gabriel Monterrosa', 5, '12/10/2020', 1, '../subir/100534005/Gabriel Garcia Monterrosa_p04_20201012_090320794.jpg'),
(137, 100534005, 'Gabriel Monterrosa', 5, '12/10/2020', 3, '../subir/100534005/Gabriel Garcia Monterrosa_h01_20201012_085518518.jpg'),
(138, 100534005, 'Lleymy Flores', 22, '12/10/2020', 1, '../subir/100534005/Lleymy Flores Espinoza_p04_20201012_095344113.jpg'),
(139, 100534005, 'Juan Daniel Garay', 6, '12/10/2020', 1, '../subir/100534005/Juan Daniel Garay Aguilera_p04_20201012_111530361.jpg'),
(140, 100534005, 'Joyce Barrios', 9, '12/10/2020', 1, '../subir/100534005/Joyce Curtis Barrios_p02_20201012_112658170.jpg'),
(141, 64947336, 'Silvia Elena Fernandez ', 16, '12/10/2020', 1, '../subir/64947336/Silvia Elena Fernandez Gusman_p02_20201012_121058741.jpg'),
(142, 64947336, 'Yamila Aviles', 4, '12/10/2020', 1, '../subir/64947336/Yamila Tayli Aviles Gomez_p02_20201012_122100190.jpg'),
(143, 169683616, 'Gema Lopez Aragon', 29, '12/10/2020', 1, '../subir/169683616/Gema Lopez Aragon_p02_20201012_124851156.jpg'),
(144, 64947336, 'Cristiana Calderon Aviles', 12, '12/10/2020', 1, '../subir/64947336/Cristiana Calderon Aviles_p02_20201012_125808556.jpg'),
(145, 64947336, 'Gema Lopez Aragon', 29, '12/10/2020', 1, '../subir/64947336/Gema Lopez Aragon_p02_20201012_124851156.jpg'),
(146, 64947336, 'Melanie Vallecillo', 23, '12/10/2020', 1, '../subir/64947336/Melanie Vallecillo Arauz_p02_20201012_135118668.jpg'),
(147, 64947336, 'Skander ESpinoza Herrera', 21, '12/10/2020', 3, '../subir/64947336/Skander Espinoza Herrera_h01_20201012_135725568.jpg'),
(148, 64947336, 'Skander ESpinoza Herrera', 21, '12/10/2020', 1, '../subir/64947336/Skander Espinoza Herrera_p02_20201012_140013564.jpg'),
(149, 64947336, 'Kevin Sanchez ', 12, '12/10/2020', 1, '../subir/64947336/Kevin Sanchez Beteta_p04_20201012_141335544.jpg'),
(150, 64947336, 'Zachary Alemán ', 15, '12/10/2020', 1, '../subir/64947336/Zachary Aleman Gomez_p02_20201012_142008808.jpg'),
(151, 64947336, 'Kenneth Mejia Diaz', 22, '12/10/2020', 1, '../subir/64947336/Kenneth Mejia Diaz_p01_20201012_143823026.jpg'),
(152, 64947336, 'Naylen LOpez Blanco', 5, '12/10/2020', 1, '../subir/64947336/Nayle Lopez Blanco_p02_20201012_153739426.jpg'),
(153, 64947336, 'Nataly Lopez', 5, '12/10/2020', 3, '../subir/64947336/Nayle Lopez Blanco_h02_20201012_153353849.jpg'),
(154, 64947336, 'Jese Mendoza ', 18, '12/10/2020', 1, '../subir/64947336/Jese Esteban Mendoza Obando_p02_20201012_154554939.jpg'),
(155, 64947336, 'German Muñoz Ruiz', 11, '13/10/2020', 3, '../subir/64947336/German Eduardo Muñoz Ruiz_h02_20201013_091639708.jpg'),
(156, 64947336, 'German Muñoz Ruiz', 11, '13/10/2020', 1, '../subir/64947336/German Eduardo Muñoz Ruiz_p04_20201013_093020167.jpg'),
(157, 64947336, 'Laleska Areas', 7, '13/10/2020', 1, '../subir/64947336/Layeska Areas Picado_p02_20201013_090627073.jpg'),
(158, 64947336, 'Laleska Areas', 7, '13/10/2020', 3, '../subir/64947336/Layeska Areas Picado_h01_20201013_090343575.jpg'),
(159, 64947336, 'Allan Arroyo', 310798, '13/10/2020', 1, '../subir/64947336/Allan Arroyo Vilchez_p04_20201013_100214806.jpg'),
(160, 64947336, 'Delmis Chavez', 9, '13/10/2020', 1, '../subir/64947336/Delmis Chavez Obando_p04_20201013_101755722.jpg'),
(161, 64947336, 'Karina Leiva', 1, '13/10/2020', 1, '../subir/64947336/Karina Leiva Pichardo_p02_20201013_102531197.jpg'),
(162, 64947336, 'Yuri Aleman ', 23, '13/10/2020', 1, '../subir/64947336/Yuri Aleman Medina_p02_20201013_103155631.jpg'),
(163, 64947336, 'Vladimir Tercero', 26, '13/10/2020', 1, '../subir/64947336/Vladimir Tercero Guerrero_p04_20201013_104212596.jpg'),
(164, 64947336, 'Julio Cesar Mejia', 2, '13/10/2020', 1, '../subir/64947336/Julio Cesar Mejia Sirias_p02_20201013_110030930.jpg'),
(165, 64947336, 'Julio Cesar Mejia', 2, '13/10/2020', 3, '../subir/64947336/Julio Cesar Mejia Sirias_h01_20201013_105714963.jpg'),
(166, 64947336, 'Jose Acevedo Gutierrez', 27, '13/10/2020', 1, '../subir/64947336/Jose Acevedo Gutierrez_p04_20201013_111804331.jpg'),
(167, 64947336, 'Bella Ramos', 3, '13/10/2020', 1, '../subir/64947336/Bella Ramos Zamoran_p02_20201013_112434305.jpg'),
(168, 64947336, 'Marlon Maltez', 3, '13/10/2020', 1, '../subir/64947336/Marlon Maltez Juarez_p02_20201013_113150919.jpg'),
(169, 64947336, 'Grace Rubi Muñoz', 13, '13/10/2020', 1, '../subir/64947336/Grace Rubi Muñoz_p02_20201013_114935600.jpg'),
(170, 100534005, 'Ana Rocha ', 28, '13/10/2020', 1, '../subir/100534005/Ana Rocha Cruz_p02_20201013_125339387.jpg'),
(171, 100534005, 'karen Lopez', 8, '13/10/2020', 1, '../subir/100534005/Karen Lopez Romero_p02_20201013_130116757.jpg'),
(172, 100534005, 'Oshin Wong', 20, '13/10/2020', 1, '../subir/100534005/Oshin Nicole  Wong Araquistain_p02_20201013_130723262.jpg'),
(173, 100534005, 'Enrique Ayala Cruz ', 20, '13/10/2020', 1, '../subir/100534005/Enrique Alejandro Ayala Cruz_p01_20201013_123430098.jpg'),
(174, 169683616, 'Arlen Meza', 10, '13/10/2020', 1, '../subir/169683616/Arlen Meza Bonilla_p02_20201013_140139313.jpg'),
(175, 169683616, 'Camila Berrios Gutierrez', 12, '13/10/2020', 1, '../subir/169683616/Camila Berrios Gutierrez_p02_20201013_140932525.jpg'),
(176, 169683616, 'Elda Mercado ', 24, '13/10/2020', 1, '../subir/169683616/Elda Mercado Avilas_p04_20201013_142147654.jpg'),
(177, 169683616, 'Yader Miranda', 27, '13/10/2020', 1, '../subir/169683616/Yader Javier Miranda Torrez_p02_20201013_150518138.jpg'),
(178, 97974899, 'Leyder Lopez Morales', 23, '13/10/2020', 1, '../subir/97974899/Leyder Lopez Morales_p04_20201002_083348413.jpg'),
(179, 97974899, 'Ashly Tatiana Rodriguez', 14, '13/10/2020', 3, '../subir/97974899/Ashley Tatiana Rodriguez_h01_20201005_112257700.jpg'),
(180, 97974899, 'Josseling Ortiz', 24, '13/10/2020', 1, '../subir/97974899/Josseling Ortiz Ruiz_p03_20201007_153256041.jpg'),
(181, 97974899, 'Desiree Ortiz', 8, '13/10/2020', 1, '../subir/97974899/Desiree Garcia Muñoz_p04_20201008_092726070.jpg'),
(182, 169683616, 'Marcela Torrentes', 16, '13/10/2020', 3, '../subir/169683616/Marcela Valeria Torrentes Rios_h02_20201013_151547166.jpg'),
(183, 169683616, 'Iris Obando', 26, '13/10/2020', 1, '../subir/169683616/Iris Obando Lopez_p02_20201013_152153867.jpg'),
(184, 97974899, 'Gloria Delgado', 84, '13/10/2020', 1, '../subir/97974899/Gloria Delgado_p04_20201008_094047481.jpg'),
(185, 169683616, 'Allan Arroyo', 31, '13/10/2020', 3, '../subir/169683616/Allan Arroyo Vilchez_h01_20201013_143037347.jpg'),
(186, 97974899, 'Luciana Corea Escampini', 12, '13/10/2020', 3, '../subir/97974899/Luciana Isabella Corea Escampini_h02_20201012_134737638.jpg'),
(187, 97974899, 'Luciana Corea Escampini', 12, '13/10/2020', 1, '../subir/97974899/Luciana Isabella Corea Escampini_p02_20201012_135046804.jpg'),
(188, 97974899, 'Mariandrea Yrigoyen', 10, '13/10/2020', 3, '../subir/97974899/Mariandrea Yrigoyen_h02_20201013_120001175.jpg'),
(189, 97974899, 'Gustavo Lindo', 23, '13/10/2020', 1, '../subir/97974899/Gustavo Lindo_p04_20201013_131413299.jpg'),
(190, 169683616, 'Alisson Duarte', 3, '13/10/2020', 3, '../subir/169683616/Alisson Duarte Santiesteban_h03_20201013_155436219.jpg'),
(191, 169683616, 'Gabriela Brenes ', 9, '13/10/2020', 3, '../subir/169683616/Gabriela Brenes_h02_20201013_160230401.jpg'),
(192, 169683616, 'Gabriela Brenes', 9, '13/10/2020', 1, '../subir/169683616/Gabriela Brenes_p02_20201013_160530561.jpg'),
(193, 169683616, 'Romel Ortega', 8, '13/10/2020', 1, '../subir/169683616/Romel Ortega Altamirano_p02_20201013_161955309.jpg'),
(194, 169683616, 'Noemi Obando', 5, '14/10/2020', 3, '../subir/169683616/Noemi Esther Obando Guerrero_h02_20201014_092410183.jpg'),
(195, 169683616, 'Noemi Obando', 5, '14/10/2020', 1, '../subir/169683616/Noemi Esther Obando Guerrero_p04_20201014_093141437.jpg'),
(196, 169683616, 'Katheoska Obando ', 9, '14/10/2020', 1, '../subir/169683616/Katheoska Obando Calero_p02_20201014_093812120.jpg'),
(197, 169683616, 'Luisa Arguello', 1, '14/10/2020', 1, '../subir/169683616/Luisa Arguello Hernandez_p02_20201014_095727360.jpg'),
(198, 169683616, 'Jakeline Castilblanco', 23, '14/10/2020', 1, '../subir/169683616/Jakeline Castilblanco_p02_20201014_105351528.jpg'),
(199, 169683616, 'Josvil Macario Fenly', 7, '14/10/2020', 3, '../subir/169683616/Josvil Macario Fenly_h02_20201014_110536442.jpg'),
(200, 169683616, 'Kate Quiroz', 7, '14/10/2020', 1, '../subir/169683616/Kate Quiroz Lopez_p02_20201014_111055038.jpg'),
(201, 169683616, 'Casilda Sampson', 26, '14/10/2020', 1, '../subir/169683616/Casilda Sampson Granera_p02_20201014_115438338.jpg'),
(202, 169683616, 'Mahelia Cordero Luna', 7, '14/10/2020', 1, '../subir/169683616/Mahelia Cordero Luna_p02_20201014_120500202.jpg'),
(203, 169683616, 'Marlon Sandoval ', 6, '14/10/2020', 1, '../subir/169683616/Marlon Sandoval Tardencilla_p04_20201014_125024150.jpg'),
(204, 64947336, 'Bernardo Arguello', 20, '14/10/2020', 1, '../subir/64947336/Bernardo Martin Arguello Celebertti_p02_20201014_133504397.jpg'),
(205, 64947336, 'Calros Salazar', 2, '14/10/2020', 3, '../subir/64947336/Carlos Salazar Hernandez_h01_20201014_130855399.jpg'),
(206, 64947336, 'Carlos Salazar', 2, '14/10/2020', 1, '../subir/64947336/Carlos Salazar Hernandez_p02_20201014_132512841.jpg'),
(207, 64947336, 'Diana Martinez', 11, '14/10/2020', 1, '../subir/64947336/Diana Martinez Jarquin_p02_20201014_134735301.jpg'),
(208, 64947336, 'Judith Duarte Merlo', 23, '14/10/2020', 1, '../subir/64947336/Judith Aleyda Duarte Merlo_p02_20201014_135524338.jpg'),
(209, 64947336, 'Ximena Lopez ', 9, '14/10/2020', 3, '../subir/64947336/Ximena Lopez Cortez_h01_20201014_140519292.jpg'),
(210, 64947336, 'Ximena Lopez', 6, '14/10/2020', 1, '../subir/64947336/Ximena Lopez Cortez_p02_20201014_140824948.jpg'),
(211, 64947336, 'Tania Rostran', 11, '14/10/2020', 1, '../subir/64947336/Tania Rostran Gonzalez_p04_20201014_142243166.jpg'),
(212, 64947336, 'Yahoska Navarro', 18, '14/10/2020', 1, '../subir/64947336/Yahoska Navarro Zeledon_p02_20201014_143450429.jpg'),
(214, 64947336, 'Jasly Balmaceda', 21, '14/10/2020', 1, '../subir/64947336/Jasly Balmaceda garcia_p04_20201014_161241495.jpg'),
(215, 64947336, 'Jasly Balmaceda', 21, '14/10/2020', 3, '../subir/64947336/Jasly Balmaceda garcia_h01_20201014_160330389.jpg'),
(216, 64947336, 'Maria Mercedes Castellon', 13, '14/10/2020', 1, '../subir/64947336/Maria Mercedes Castellon_p02_20201014_161956748.jpg'),
(217, 64947336, 'Joel Pineda', 20, '14/10/2020', 1, '../subir/64947336/Joel Gabriel Pineda Mendez_p02_20201014_162720094.jpg'),
(218, 64947336, 'Urania Herrera', 7, '14/10/2020', 1, '../subir/64947336/Urania del Carmen Herrera Masias_p02_20201014_163317941.jpg'),
(219, 169683616, 'Xochilth Peralta', 16, '15/10/2020', 1, '../subir/169683616/Xochilth Peralta_p02_20201015_100201065.jpg'),
(220, 169683616, 'Aldemar Figueroa', 2, '15/10/2020', 3, '../subir/169683616/Aldemar Figueroa_h02_20201015_104715131.jpg'),
(221, 169683616, 'Massiel Solis', 9, '15/10/2020', 1, '../subir/169683616/Massiel Solis Figueroa_p02_20201015_121606558.jpg'),
(222, 169683616, 'Massiel Solis', 9, '15/10/2020', 3, '../subir/169683616/Massiel Solis Figueroa_h01_20201015_121244630.jpg'),
(223, 169683616, 'Mnariam Guerreo Garcia', 3, '15/10/2020', 3, '../subir/169683616/Mariam Anahi Guerrero Garcia_h01_20201015_123930004.jpg'),
(224, 169683616, 'Mariam Guerrero Garcia', 3, '15/10/2020', 1, '../subir/169683616/Mariam Anahi Guerrero Garcia_p04_20201015_124329387.jpg'),
(225, 169683616, 'Jaikel Mejia ', 8, '15/10/2020', 1, '../subir/169683616/Jaikel Mejia Zelaya_p02_20201015_110750268.jpg'),
(226, 169683616, 'Iris Tinoco', 28, '15/10/2020', 1, '../subir/169683616/Iris Tinoco Gutierrez_p02_20201015_140616197.jpg'),
(227, 64947336, 'Massiel Robles', 6, '15/10/2020', 1, '../subir/64947336/Massiel Robles_p02_20201015_144415269.jpg'),
(228, 64947336, 'Jonathan Cisne Ugarte', 28, '15/10/2020', 1, '../subir/64947336/Jonathan Cisne Ugarte_p02_20201015_160009845.jpg'),
(229, 64947336, 'Alejandra  Rivas', 31, '15/10/2020', 1, '../subir/64947336/Alejandra Melissa Rivas Reyes_p04_20201015_154913134.jpg'),
(230, 64947336, 'Edgar Aguilera ', 174, '15/10/2020', 1, '../subir/64947336/Edgar Aguilera Pavon_p02_20201015_153403438.jpg'),
(231, 64947336, 'Jerling Hernandez ', 19, '15/10/2020', 1, '../subir/64947336/Jerling Maria Hernandez_p02_20201015_152224798.jpg'),
(232, 64947336, 'Harrys Martinez ', 30, '15/10/2020', 1, '../subir/64947336/Harrys Martinez Blandon_p04_20201015_151025128.jpg'),
(233, 97974899, 'Luis Alberto Rendon Castillo', 15, '15/10/2020', 3, '../subir/97974899/Luis Alberto Rendon Castillo_h02_20201015_110032097.jpg'),
(234, 97974899, 'Luis Alberto Rendon Castillo', 15, '15/10/2020', 1, '../subir/97974899/Luis Alberto Rendon Castillo_p02_20201015_110551382.jpg'),
(235, 64947336, 'Allysson Carmona', 16, '15/10/2020', 1, '../subir/64947336/Allysson Judith Carmona Zuniga_p04_20201015_164541898.jpg'),
(236, 64947336, 'Allysson Carmona', 16, '15/10/2020', 3, '../subir/64947336/Allysson Judith Carmona Zuniga_h01_20201015_163755253.jpg'),
(237, 64947336, 'Isabella Gonzalez Lopez', 23, '15/10/2020', 1, '../subir/64947336/Isabella Gonzalez Lopez_p02_20201015_165759564.jpg'),
(238, 64947336, 'Isabella Gonzalez Lopez', 23, '15/10/2020', 3, '../subir/64947336/Isabella Gonzalez Lopez_h01_20201015_165453974.jpg'),
(239, 64947336, 'Maria Perez Mendez ', 13, '15/10/2020', 3, '../subir/64947336/Maria de Fatima Perez Mendez_h01_20201015_170220005.jpg'),
(240, 64947336, 'Maria Perez Mendez', 13, '15/10/2020', 1, '../subir/64947336/Maria de Fatima Perez Mendez_p04_20201015_170909932.jpg'),
(241, 64947336, 'Satias Gutierrez', 9, '15/10/2020', 1, '../subir/64947336/Satias Karinia Gutierrez Perez_h02_20201015_171441988.jpg'),
(242, 64947336, 'Sastia Gutierrez ', 9, '15/10/2020', 3, '../subir/64947336/Satias Karinia Gutierrez Perez_h02_20201015_171441988.jpg'),
(243, 64947336, 'Eva Silva', 15, '16/10/2020', 3, '../subir/64947336/Elva Silva_h02_20201016_090440999.jpg'),
(244, 64947336, 'Eva Silva', 15, '16/10/2020', 1, '../subir/64947336/Elva Silva_p04_20201016_091037351.jpg'),
(245, 64947336, 'Karla Silva Urbina', 28, '16/10/2020', 1, '../subir/64947336/Karla Isabel Silva Urbina_p02_20201016_084317922.jpg'),
(246, 64947336, 'Silvia Perez ', 7, '16/10/2020', 1, '../subir/64947336/Silvia Perez Mendoza_p01_20201016_093035638.jpg'),
(247, 64947336, 'Silvia Perez', 7, '16/10/2020', 3, '../subir/64947336/Silvia Perez Mendoza_h02_20201016_092702471.jpg'),
(248, 64947336, 'Kitzy Sinclair', 4, '16/10/2020', 1, '../subir/64947336/Kitzy Sinclair Julian_p04_20201016_100248281.jpg'),
(249, 64947336, 'Abdiel Gonzalez', 19, '16/10/2020', 1, '../subir/64947336/Abdiel Gonzalez Guerrero_p02_20201016_101055136.jpg'),
(250, 64947336, 'Itala Guerrero', 18, '16/10/2020', 1, '../subir/64947336/Itala Cristina Guerrero Navarrete_p02_20201016_101606608.jpg'),
(251, 64947336, 'Marcela Plata', 28, '16/10/2020', 1, '../subir/64947336/Marcela Plata Torres_p02_20201016_103116260.jpg'),
(252, 64947336, 'Marcela Plata', 18, '16/10/2020', 3, '../subir/64947336/Marcela Plata Torres_h01_20201016_102450704.jpg'),
(253, 64947336, 'Bruce Castillo', 1, '16/10/2020', 1, '../subir/64947336/Bruce Becker Castillo Membreño_p02_20201016_103717046.jpg'),
(254, 64947336, 'Febelyn Mejia Tijerino', 20, '16/10/2020', 1, '../subir/64947336/Febelyn Mejia Tijerino_p04_20201016_104832277.jpg'),
(255, 64947336, 'Stefano de Jesus Rodriguez', 7, '16/10/2020', 3, '../subir/64947336/Stefano Rodriguez Zamuria_h01_20201016_105858011.jpg'),
(256, 64947336, 'Stefano de Jesus Rodriguez', 7, '16/10/2020', 1, '../subir/64947336/Stefano Rodriguez_p02_20201007_103741837.jpg'),
(257, 169683616, 'Yaritza Sanchez Vallejos', 5, '16/10/2020', 1, '../subir/169683616/Yaritza Sanchez Vallejos_p02_20201016_110917413.jpg'),
(258, 169683616, 'Brandon Balmaceda Cuadra', 10, '16/10/2020', 1, '../subir/169683616/Brandon Balmaceda Cuadra_p02_20201016_114529121.jpg'),
(259, 169683616, 'Lisangela Perez', 7, '16/10/2020', 1, '../subir/169683616/Lisangela del Rosario Perez_p03_20201016_111814560.jpg'),
(260, 169683616, 'Karla Valeria Calero', 16, '16/10/2020', 1, '../subir/169683616/Karla Valeria Calero_p02_20201016_115304219.jpg'),
(261, 169683616, 'Chepita Rivera', 26, '16/10/2020', 1, '../subir/169683616/Chepita del Carmen Rivera Ruiz_p02_20201016_120326101.jpg'),
(262, 169683616, 'Flor Paez Pravia', 24, '16/10/2020', 1, '../subir/169683616/Flor de Maria Paez Pravia_p04_20201016_121756540.jpg'),
(263, 169683616, 'Octavio Ernesto Sanchez', 28, '16/10/2020', 1, '../subir/169683616/Octavio Ernesto Sanchez_p04_20201016_130207159.jpg'),
(264, 169683616, 'Darwing Flores', 4, '16/10/2020', 1, '../subir/169683616/Darwing Flores Aguilar_p04_20201016_125242482.jpg'),
(265, 169683616, 'Wiston Mejia ', 28, '16/10/2020', 1, '../subir/169683616/Wiston Mejia Sequeira_p04_20201016_124203217.jpg'),
(266, 169683616, 'Nubia Araica Muñoz', 2, '16/10/2020', 1, '../subir/169683616/Nubia Araica Muñoz_p02_20201016_135915620.jpg'),
(267, 64947336, 'Nubia Araica Muñoz ', 2, '16/10/2020', 1, '../subir/64947336/Nubia Araica Muñoz_p02_20201016_135915620.jpg'),
(268, 64947336, 'Eleaner Hernandez Arevalo', 3, '16/10/2020', 1, '../subir/64947336/Eleaner Hernandez Arevalo_p02_20201016_141511221.jpg'),
(269, 169683616, 'Eleaner Hernandez Arevalo', 3, '16/10/2020', 1, '../subir/169683616/Eleaner Hernandez Arevalo_p02_20201016_141511221.jpg'),
(270, 169683616, 'Valeria Lopez ', 23, '16/10/2020', 1, '../subir/169683616/Valeria Michel Lopez Lopez_p04_20201016_143803515.jpg'),
(271, 169683616, 'Maria Aguirre Moreno', 22, '16/10/2020', 1, '../subir/169683616/Maria Alejandra Aguirre Moreno_p02_20201016_150302134.jpg'),
(272, 169683616, 'Hazzel Aguilar Jimenez', 10, '16/10/2020', 1, '../subir/169683616/Hazzel Aguilar Jimenez_p02_20201016_151126701.jpg'),
(273, 100534005, 'Miluska Lahoz', 23, '16/10/2020', 1, '../subir/100534005/Miluska Lahoz Zarruk_p04_20201016_153837682.jpg'),
(274, 100534005, 'Paula Ruiz Rizo', 17, '16/10/2020', 1, '../subir/100534005/Paula Ruiz Rizo_p04_20201016_154944486.jpg'),
(275, 100534005, 'Emily Peralta', 25, '16/10/2020', 1, '../subir/100534005/Emily Peralta Guerrero_p02_20201016_160240330.jpg'),
(276, 100534005, 'Nathalia Perez ', 9, '16/10/2020', 1, '../subir/100534005/Nathalia  Lisett Perez Bejarano_p02_20201016_160759900.jpg'),
(277, 100534005, 'Osman Bejarano Saenz', 12, '16/10/2020', 3, '../subir/100534005/Osman Alejandro Bejarano Saenz_h01_20201016_161524903.jpg'),
(278, 100534005, 'Osman Bejarano Saenz', 12, '16/10/2020', 1, '../subir/100534005/Osman Alejandro Bejarano Saenz_p02_20201016_161817267.jpg'),
(279, 64947336, 'Jeronima Jimenez', 9, '17/10/2020', 2, '../subir/64947336/Jeronima Jimenez Canales_p04_20201017_082446790.jpg'),
(280, 64947336, 'Maria Nuñez', 25, '17/10/2020', 3, '../subir/64947336/Maria Auxiliadora Nuñez Romero_h02_20201017_083336666.jpg'),
(281, 64947336, 'Didder Perez Garcia ', 18, '17/10/2020', 3, '../subir/64947336/Didder Javier Perez Garcia_h01_20201017_084622832.jpg'),
(282, 64947336, 'Didder Perez Garcia', 18, '17/10/2020', 1, '../subir/64947336/Didder Javier Perez Garcia_p02_20201017_085007769.jpg'),
(283, 64947336, 'Josselyng Huete', 12, '17/10/2020', 1, '../subir/64947336/Josselyng Huete Hermida_p04_20201017_092101689.jpg'),
(284, 64947336, 'Thais Barreda Sevilla', 28, '17/10/2020', 1, '../subir/64947336/Thais Barreda Sevilla_p02_20201017_093716612.jpg'),
(285, 64947336, 'Christiam Urbina', 13, '17/10/2020', 3, '../subir/64947336/Christiam Urbina Chavarria_h02_20201017_095605629.jpg'),
(286, 64947336, 'Christiam Urbina', 13, '17/10/2020', 1, '../subir/64947336/Christiam Urbina Chavarria_p02_20201017_095911858.jpg'),
(287, 64947336, 'Majayara Jimenez', 13, '17/10/2020', 3, '../subir/64947336/Majayara Jimenez Roman_h02_20201017_100420338.jpg'),
(288, 64947336, 'Majayara Jimenez', 13, '17/10/2020', 1, '../subir/64947336/Majayara Jimenez Roman_p02_20201017_100706685.jpg'),
(289, 169683616, 'Anielka Matus Cuadra', 18, '17/10/2020', 3, '../subir/169683616/Anielka Judithn Matus Cuadra_h01_20201017_101151514.jpg'),
(290, 169683616, 'Anielka Matus Cuadra', 18, '17/10/2020', 1, '../subir/169683616/Anielka Judithn Matus Cuadra_p02_20201017_101413928.jpg'),
(291, 169683616, 'Oscar Manuel Moraga', 2, '17/10/2020', 1, '../subir/169683616/Oscar Manuel Moraga Moya_p02_20201017_114635849.jpg'),
(292, 169683616, 'Oscar Ivan Cuadra', 141281, '17/10/2020', 1, '../subir/169683616/Oscar Ivan Cuadra Saravia_p02_20201017_113335655.jpg'),
(293, 169683616, 'Carlos Duarte Rivera', 91278, '17/10/2020', 1, '../subir/169683616/Carlos Duarte Rivera_p02_20201017_111246582.jpg'),
(294, 169683616, 'Josselyng Huete', 12, '17/10/2020', 3, '../subir/169683616/Josselyng Huete Hermida_h01_20201017_110806214.jpg'),
(295, 169683616, 'Orlando Mendoza', 15, '17/10/2020', 3, '../subir/169683616/Orlando Mendoza Linares_h02_20201017_110124900.jpg'),
(296, 169683616, 'Orlando Menoza ', 15, '17/10/2020', 1, '../subir/169683616/Orlando Mendoza Linares_p02_20201017_110306363.jpg'),
(297, 169683616, 'Silesky Castro', 20, '17/10/2020', 3, '../subir/169683616/Silesky Castro Romero_h02_20201017_105458222.jpg'),
(298, 100534005, 'Virginia Law Castillo', 15, '17/10/2020', 1, '../subir/100534005/Virginia law Castillo_p02_20201017_121416947.jpg'),
(299, 100534005, 'Alibe Law', 13, '17/10/2020', 1, '../subir/100534005/Alibe Law Rodriguez_p02_20201017_121901517.jpg'),
(300, 100534005, 'Alicia Herrera', 5, '19/10/2020', 3, '../subir/100534005/Alicia Herrera Rugama_h01_20201019_102031749.jpg'),
(301, 100534005, 'Alicia Herrera', 5, '19/10/2020', 1, '../subir/100534005/Alicia Herrera Rugama_p02_20201019_102542039.jpg'),
(302, 100534005, 'Emerita Rocha ', 15, '19/10/2020', 1, '../subir/100534005/Emerita Rocha Rivera_p02_20201019_113053205.jpg'),
(303, 100534005, 'Frankling Polanco', 10, '19/10/2020', 1, '../subir/100534005/Frankling Manuel Polanco Jimenez_p02_20201019_113814592.jpg'),
(304, 100534005, 'Yader Castro Mejia ', 15, '19/10/2020', 1, '../subir/100534005/Yader Antonio Castro Mejia_p04_20201019_115112714.jpg'),
(305, 100534005, 'Mariel a Davila', 201279, '19/10/2020', 1, '../subir/100534005/Mariela Davila Calderon_p02_20201019_115854325.jpg'),
(306, 100534005, 'Scarleth Indira Sequeira ', 13, '19/10/2020', 1, '../subir/100534005/Scarleth Indira Sequeira_p02_20201019_120613130.jpg'),
(307, 100534005, 'Yara Gonzalez', 14, '19/10/2020', 1, '../subir/100534005/Yara Gonzalez Zarate_p02_20201019_121249841.jpg'),
(308, 100534005, 'Richard Suarez', 6, '19/10/2020', 1, '../subir/100534005/Richard Suarez Ojeda_p04_20201019_122347605.jpg'),
(309, 100534005, 'Reyna Guardado Cano', 14, '19/10/2020', 1, '../subir/100534005/Reyna Guardado Cano_p04_20201019_125140063.jpg'),
(310, 169683616, 'Guillermo Díaz', 21, '19/10/2020', 1, '../subir/169683616/Guillermo Diaz Medina_p02_20201019_130155973.jpg'),
(311, 169683616, 'Francis Hernandez', 18, '19/10/2020', 1, '../subir/169683616/Francis  Carolina Hernandez Gonzalez_p02_20201019_085410553.jpg'),
(312, 169683616, 'Alexandra Nicholson', 19, '19/10/2020', 1, '../subir/169683616/Alexandra Nicholson_p04_20201019_093830951.jpg'),
(313, 169683616, 'Luis Aguilar Lopez', 24, '19/10/2020', 1, '../subir/169683616/Luis Manuel Aguilar Lopez_p02_20201019_100744770.jpg'),
(314, 169683616, 'Jammy Oporta', 3, '19/10/2020', 1, '../subir/169683616/Jammy Oporta Cuarezma_p02_20201019_101540190.jpg'),
(315, 169683616, 'Alicia Herrera ', 5, '19/10/2020', 3, '../subir/169683616/Alicia Herrera Rugama_h01_20201019_102031749.jpg'),
(316, 169683616, 'Alicia Herera', 5, '19/10/2020', 1, '../subir/169683616/Alicia Herrera Rugama_p02_20201019_102542039.jpg'),
(317, 169683616, 'Humbewrto Espinoza ', 2, '19/10/2020', 1, '../subir/169683616/Humberto Espinoza Acuña_p02_20201019_103446088.jpg'),
(318, 169683616, 'Kennett Mena ', 20, '19/10/2020', 1, '../subir/169683616/Kennett Mena Martinez_p02_20201019_104352134.jpg'),
(319, 169683616, 'Maria Ruiz Orozco', 16, '19/10/2020', 3, '../subir/169683616/Maria Elsa Ruiz Orozco_h02_20201019_105242681.jpg'),
(320, 169683616, 'Maria Ruiz Orozco', 16, '19/10/2020', 1, '../subir/169683616/Maria Elsa Ruiz Orozco_p02_20201019_105506311.jpg'),
(321, 169683616, 'Isabel Colindrez', 31, '19/10/2020', 3, '../subir/169683616/Isabel Colindrez Meneses_h01_20201019_110655032.jpg'),
(322, 169683616, 'Isabel Colindrez', 31, '19/10/2020', 1, '../subir/169683616/Isabel Colindrez Meneses_p02_20201019_111020484.jpg'),
(323, 169683616, 'Amilkar Rivera ', 4, '19/10/2020', 1, '../subir/169683616/Amilkar Rivera Gomez_p02_20201019_112154820.jpg'),
(324, 169683616, 'Amilkar Rivera', 4, '19/10/2020', 3, '../subir/169683616/Amilkar Rivera Gomez_h01_20201019_111945027.jpg'),
(325, 169683616, 'Emerita Rocha ', 15, '19/10/2020', 1, '../subir/169683616/Emerita Rocha Rivera_p02_20201019_113053205.jpg'),
(326, 169683616, 'Frankling Polanco', 10, '19/10/2020', 1, '../subir/169683616/Frankling Manuel Polanco Jimenez_p02_20201019_113814592.jpg'),
(327, 169683616, 'Yader Castro', 15, '19/10/2020', 1, '../subir/169683616/Yader Antonio Castro Mejia_p04_20201019_115112714.jpg'),
(328, 169683616, 'Mariela Dávila', 58, '19/10/2020', 1, '../subir/169683616/Mariela Davila Calderon_p02_20201019_115854325.jpg'),
(329, 64947336, 'Scarleth Indira Sequeira', 13, '19/10/2020', 1, '../subir/64947336/Scarleth Indira Sequeira_p02_20201019_120613130.jpg'),
(330, 64947336, 'Yara Gonzalez', 14, '19/10/2020', 1, '../subir/64947336/Yara Gonzalez Zarate_p02_20201019_121249841.jpg'),
(331, 64947336, 'Richard Suarez', 6, '19/10/2020', 1, '../subir/64947336/Richard Suarez Ojeda_p04_20201019_122347605.jpg'),
(332, 64947336, 'Pablo Castro ', 1, '19/10/2020', 1, '../subir/64947336/Pablo Francisco Castro Perez_p02_20201019_123050956.jpg'),
(333, 64947336, 'Reyna Guardado Cano', 14, '19/10/2020', 1, '../subir/64947336/Reyna Guardado Cano_p04_20201019_125140063.jpg'),
(334, 64947336, 'Guillermo Díaz', 21, '19/10/2020', 1, '../subir/64947336/Guillermo Diaz Medina_p02_20201019_130155973.jpg'),
(335, 64947336, 'Elias Rodriguez', 21, '19/10/2020', 1, '../subir/64947336/Elias Rodriguez Aguilar_p02_20201019_135720519.jpg'),
(336, 64947336, 'Gloria Diaz', 15, '19/10/2020', 1, '../subir/64947336/Gloria Diaz Rivera_p02_20201019_141421139.jpg'),
(337, 64947336, 'Kristhel Torrez', 13, '19/10/2020', 1, '../subir/64947336/Kristhel Torrez Ubeda_p04_20201019_142930015.jpg'),
(338, 64947336, 'Nelson Ruiz', 14, '19/10/2020', 3, '../subir/64947336/Nelson Alexander Ruiz_p02_20201019_153203074.jpg'),
(339, 64947336, 'Nelson Ruiz', 14, '19/10/2020', 1, '../subir/64947336/Nelson Alexander Ruiz_p02_20201019_153203074.jpg'),
(340, 64947336, 'Maria Guadalupe Duarte', 9, '19/10/2020', 1, '../subir/64947336/Maria Guadalupe Duarte Figueroa_p02_20201019_160348126.jpg'),
(341, 169683616, 'Gema Cuadra Castellon', 30, '19/10/2020', 1, '../subir/169683616/Gema Cuadra Castellon_p02_20201019_154250304.jpg'),
(342, 97974899, 'Eduardo Sobenes', 17, '19/10/2020', 1, '../subir/97974899/Eduardo Sobenes_p02_20201019_150956829.jpg'),
(343, 169683616, 'Jorlytt Yesenia Gutierrez', 31, '19/10/2020', 1, '../subir/169683616/Jorlytt Yesenia Gutierrez Gutierrez_p04_20201019_163703398.jpg'),
(344, 97974899, 'Carlos Vanegas', 14, '19/10/2020', 1, '../subir/97974899/Carlos Humberto Vanegas Gonzalez_p02_20201019_154534325.jpg'),
(345, 97974899, 'Eva Argeñal', 53, '19/10/2020', 1, '../subir/97974899/Eva Argeñal_p02_20201019_110110624.jpg'),
(346, 169683616, 'Camilo Leiva Argueta', 28, '20/10/2020', 1, '../subir/169683616/Camilo Leiva Argueta_p02_20201020_084950318.jpg'),
(347, 169683616, 'Cinthia Zuniga', 24, '20/10/2020', 1, '../subir/169683616/Cinthia Zuniga Martinez_p04_20201020_084219929.jpg'),
(348, 169683616, 'Ivanyeling Esperanza Gonzalez', 1, '20/10/2020', 1, '../subir/169683616/Ivanyeling Esperanza Gonzalez Jarquin_p04_20201020_090653882.jpg'),
(349, 169683616, 'Olga Lopez Barillas', 333, '20/10/2020', 1, '../subir/169683616/Olga Maria Lopez Barillas_p02_20201020_094507176.jpg'),
(350, 169683616, 'Ashly MOntiel', 5, '20/10/2020', 1, '../subir/169683616/Ashly Montiel Moncada_p04_20201020_095725443.jpg'),
(351, 169683616, 'Juana Lopez ', 15, '20/10/2020', 1, '../subir/169683616/Juana Liseth Lopez_p04_20201020_101015452.jpg'),
(352, 169683616, 'Alison Samanta Rocha', 30, '20/10/2020', 1, '../subir/169683616/Alison Samanta Rocha_p02_20201020_102757464.jpg'),
(353, 169683616, 'Alison Samanta Rocha', 30, '20/10/2020', 1, '../subir/169683616/Alison Samanta Rocha_p02_20201020_102757464.jpg'),
(354, 169683616, 'Janesley Richelle Almanza Muñoz', 2, '20/10/2020', 1, '../subir/169683616/Janesley Richelle Almanza Muñoz_p02_20201020_103428324.jpg'),
(355, 64947336, 'Janesley Richelle Almanza Muñoz', 2, '20/10/2020', 1, '../subir/64947336/Janesley Richelle Almanza Muñoz_p02_20201020_103428324.jpg'),
(356, 64947336, 'Ana Belen Suarez ', 31, '20/10/2020', 1, '../subir/64947336/Ana Belen Suarez Arana_p02_20201020_115849866.jpg'),
(357, 64947336, 'Ingrid Urbina Castrillo', 22, '20/10/2020', 1, '../subir/64947336/Ingrid Urbina Castrillo_p04_20201020_121341219.jpg'),
(358, 64947336, 'Adrianne Hernandez ', 26, '20/10/2020', 1, '../subir/64947336/Adrianne Hernandez Lopez_p04_20201020_111745659.jpg'),
(359, 64947336, 'Paola Toledo', 15, '20/10/2020', 3, '../subir/64947336/Paola Toledo Campos_h01_20201020_112929195.jpg'),
(360, 64947336, 'Paola Toledo', 15, '20/10/2020', 1, '../subir/64947336/Paola Toledo Campos_p02_20201020_113224774.jpg'),
(361, 64947336, 'Kenia Cuadra Silva ', 3, '20/10/2020', 1, '../subir/64947336/Kenia Cuadra Silva_p02_20201020_122245748.jpg'),
(362, 64947336, 'Dayvi Bojorge', 11, '20/10/2020', 1, '../subir/64947336/Dayvi Bojorge Perez_p02_20201020_130658535.jpg'),
(363, 64947336, 'Kevin Ortiz', 14, '20/10/2020', 1, '../subir/64947336/Kevin Ortiz Blandon_p04_20201020_124641081.jpg'),
(364, 64947336, 'Carlos Urbina ', 9, '20/10/2020', 1, '../subir/64947336/Carlos Urbina_p02_20201020_123842144.jpg'),
(365, 64947336, 'Alba Báez Espinoza ', 10, '20/10/2020', 1, '../subir/64947336/Alba Baez Espinoza_p02_20201020_140254792.jpg'),
(366, 100534005, 'Maria Stefani Cantillano', 17, '20/10/2020', 1, '../subir/100534005/Maria Stefani Cantillano Mendoza_p04_20201020_141820045.jpg'),
(367, 100534005, 'Zully Mendieta', 26, '20/10/2020', 1, '../subir/100534005/Zully Mendieta Villarreal_p02_20201020_150023955.jpg'),
(368, 100534005, 'Silvio Mora', 7, '20/10/2020', 3, '../subir/100534005/Silvio Mora Mendoza_h01_20201020_150914411.jpg'),
(369, 100534005, 'Maykel Reynosa', 13, '20/10/2020', 3, '../subir/100534005/Maykel Antonio Reynosa_h02_20201020_151625699.jpg'),
(370, 100534005, 'Maykel Reynosa', 13, '20/10/2020', 1, '../subir/100534005/Maykel Antonio Reynosa_p02_20201020_151857561.jpg'),
(371, 100534005, 'Maria Granado', 20, '20/10/2020', 3, '../subir/100534005/Maria Magdalena Granado Reynosa_h03_20201020_152653117.jpg'),
(372, 100534005, 'Maria Granado', 20, '20/10/2020', 1, '../subir/100534005/Maria Magdalena Granado Reynosa_p02_20201020_152932237.jpg'),
(373, 100534005, 'Marifeli Sanchez ', 7, '20/10/2020', 1, '../subir/100534005/Marifeli Sanchez Lainez_p02_20201020_153716160.jpg'),
(374, 100534005, 'MIchelle Vargas', 30, '20/10/2020', 1, '../subir/100534005/Michelle Vargas Montenegro_p02_20201020_154425826.jpg'),
(375, 100534005, 'Sun Liging', 29, '20/10/2020', 1, '../subir/100534005/Sun Liging_p04_20201020_160134956.jpg'),
(376, 100534005, 'Nayeli Peralta', 16, '20/10/2020', 1, '../subir/100534005/Nayeli Carolina Peralta Fletes_p02_20201020_160846950.jpg'),
(377, 100534005, 'Gabriela Paz', 16, '20/10/2020', 1, '../subir/100534005/Gabriela Paz Romero_p02_20201020_161546822.jpg'),
(378, 100534005, 'Glender Lopez ', 20, '20/10/2020', 1, '../subir/100534005/Glender Lopez Calero_p02_20201020_162333247.jpg'),
(379, 100534005, 'Esteban Cano', 24, '20/10/2020', 1, '../subir/100534005/Esteban Armando Cano Flores_p02_20201020_163226588.jpg'),
(380, 100534005, 'Jose Valle Perez ', 4, '20/10/2020', 1, '../subir/100534005/Jose Ramon Valle Perez_p02_20201020_165414327.jpg'),
(381, 97974899, 'William Tinoco', 20, '20/10/2020', 3, '../subir/97974899/William Tinoco_h02_20201020_115042020.jpg'),
(382, 169683616, 'Jose Javier Chavez', 15, '21/10/2020', 1, '../subir/169683616/Jose Javier Chavez Gutierrez_p04_20201021_112822972.jpg'),
(383, 169683616, 'Alba Roque', 2, '21/10/2020', 1, '../subir/169683616/Alba Roque Garcia_p02_20201021_095209870.jpg'),
(384, 169683616, 'Henry Rosales', 5, '21/10/2020', 1, '../subir/169683616/Henry Rosales Reyes Morales_p02_20201021_100740910.jpg'),
(385, 169683616, 'Henry Rosales', 5, '21/10/2020', 3, '../subir/169683616/Henry Rosales Reyes Morales_h01_20201021_100500572.jpg'),
(386, 169683616, 'Scarleth Torres', 1, '21/10/2020', 1, '../subir/169683616/Scarleth Torres Membreño_p02_20201021_101836455.jpg'),
(387, 169683616, 'Jose Ausberto Picado', 9, '21/10/2020', 1, '../subir/169683616/Jose Ausberto Picado Castilblanco_p02_20201021_114336627.jpg'),
(388, 169683616, 'Diego Mercado Pereira', 11, '21/10/2020', 1, '../subir/169683616/Diego Lionel Mercado Pereira_p02_20201021_115454583.jpg');
INSERT INTO `pedido` (`ind`, `indmedico`, `nombre_completo`, `edad`, `Fecha`, `tipo_estudio`, `archivo_url`) VALUES
(389, 169683616, 'Ana Emilia Solis', 3, '21/10/2020', 3, '../subir/169683616/Ana Emilia Solis Ortega_h02_20201021_120524483.jpg'),
(390, 169683616, 'Ana Emilia Solis', 3, '21/10/2020', 1, '../subir/169683616/Ana Emilia Solis Ortega_p04_20201021_121018367.jpg'),
(391, 169683616, 'Elias Sanchez', 25, '21/10/2020', 1, '../subir/169683616/Elias Gabriel Sanchez Sevilla_p02_20201021_123237938.jpg'),
(392, 64947336, 'Johanna Zamora ', 29, '21/10/2020', 1, '../subir/64947336/Johanna  Zamora Rojas_p02_20201021_130601073.jpg'),
(393, 64947336, 'Joselyn Alvarqado', 9, '21/10/2020', 3, '../subir/64947336/Joselyn Alvarado Urbina_h01_20201021_134431243.jpg'),
(394, 64947336, 'Joselyn Alvarado', 9, '21/10/2020', 1, '../subir/64947336/Joselyn Alvarado Urbina_p02_20201021_134737710.jpg'),
(395, 64947336, 'Mariela Garcia', 6, '21/10/2020', 1, '../subir/64947336/Mariela Garcia Martinez_p02_20201021_140352348.jpg'),
(396, 64947336, 'Kasandra Arce Zapata', 15, '21/10/2020', 1, '../subir/64947336/Kasandra de los Angeles Arce Zapata_p04_20201021_141612023.jpg'),
(397, 64947336, 'Miriam Traña', 17, '21/10/2020', 3, '../subir/64947336/Miriam Traña Rodas_h02_20201021_145549372.jpg'),
(398, 64947336, 'Miriam Traña', 17, '21/10/2020', 1, '../subir/64947336/Miriam Traña Rodas_p04_20201021_150322648.jpg'),
(399, 64947336, 'Julio Cesar Godoy', 18, '21/10/2020', 3, '../subir/64947336/Julio Cesar Godoy Traña_h01_20201021_150812675.jpg'),
(400, 64947336, 'Julio Cesar Godoy', 18, '21/10/2020', 1, '../subir/64947336/Julio Cesar Godoy Traña_p02_20201021_151041332.jpg'),
(401, 64947336, 'Daniel Ruiz Herrera', 16, '21/10/2020', 1, '../subir/64947336/Daniel Enmanuel Ruiz Herrera_p04_20201021_152439872.jpg'),
(402, 64947336, 'Alñma Nicaragua ', 13, '21/10/2020', 1, '../subir/64947336/Alma Iris NicaraguaTejada_p02_20201021_144543468.jpg'),
(403, 64947336, 'Yamila Aviles', 4, '21/10/2020', 3, '../subir/64947336/Yamila Aviles Gomez_h03_20201021_153546940.jpg'),
(404, 64947336, 'Sogia Lopez Sanchez', 2, '21/10/2020', 1, '../subir/64947336/Sofia Isabel Lopez Sanchez_p02_20201021_155113146.jpg'),
(405, 64947336, 'Yasiri Quezada', 2, '21/10/2020', 1, '../subir/64947336/Yasiri Quezada Lopez_p02_20201021_160026525.jpg'),
(406, 64947336, 'Yalkiria Zeledon', 26, '21/10/2020', 1, '../subir/64947336/Yalkiria Esmeralda Zeledon Altamirano_p02_20201021_154354774.jpg'),
(407, 64947336, 'Sheyla Marquez', 31, '21/10/2020', 1, '../subir/64947336/Sheyla Guadalupe Marquez Porras_p02_20201021_160858679.jpg'),
(408, 64947336, 'Jose Alejandro  Marquez', 21, '21/10/2020', 1, '../subir/64947336/Jose Alejandro Marquez Porras_p02_20201021_161418652.jpg'),
(409, 97974899, 'Paula Ruiz Rizo', 11, '21/10/2020', 3, '../subir/97974899/Paula Ruiz Rizo_h03_20201021_160235629.jpg'),
(410, 97974899, 'Ramir Huerta', 35, '21/10/2020', 1, '../subir/97974899/Ramir Segundo Huerta Morales_p02_20201021_103116520.jpg'),
(411, 97974899, 'Josette Cornejo', 13, '21/10/2020', 1, '../subir/97974899/Josette Cornejo_p03_20201021_163155341.jpg'),
(412, 100534005, 'Heydi Salgado', 26, '22/10/2020', 1, '../subir/100534005/Heydi Eliex Salgado Carcache_p02_20201022_095833635.jpg'),
(413, 100534005, 'Donalys Cano', 28, '22/10/2020', 1, '../subir/100534005/Donalys Cano Moncada_p02_20201022_091110206.jpg'),
(414, 100534005, 'Dylon Hernandez ', 9, '22/10/2020', 1, '../subir/100534005/Dylon Hernandez Navarrete_p02_20201022_095116828.jpg'),
(415, 100534005, 'Ramon Fargas', 15, '22/10/2020', 1, '../subir/100534005/Ramon Isidro Fargas Fernandez_p04_20201022_090153018.jpg'),
(416, 100534005, 'Sandra Moreno', 4, '22/10/2020', 1, '../subir/100534005/Sandra Maria Moreno Niño_p02_20201022_092211281.jpg'),
(417, 100534005, 'Tania Peña', 17, '22/10/2020', 1, '../subir/100534005/Tania Jamileth Peña Gonzalez_p04_20201022_085051484.jpg'),
(418, 100534005, 'Cristhian Calero', 2, '22/10/2020', 1, '../subir/100534005/Cristhian Calero Urbina_p02_20201022_101400445.jpg'),
(419, 100534005, 'Paul Urbina Perez ', 5, '22/10/2020', 1, '../subir/100534005/Paul Urbina Perez_p04_20201022_103104507.jpg'),
(420, 100534005, 'Odalys Poveda ', 9, '22/10/2020', 1, '../subir/100534005/Odalis Michelle Poveda Martinez_p04_20201022_111121456.jpg'),
(421, 100534005, 'Guadalupe Medrano M.', 25, '22/10/2020', 1, '../subir/100534005/Guadalupe Medrano Montoya_p02_20201022_144932333.jpg'),
(422, 64947336, 'Guadalupe Medrano M.', 25, '22/10/2020', 1, '../subir/64947336/Guadalupe Medrano Montoya_p02_20201022_144932333.jpg'),
(423, 64947336, 'Carmen Cajina', 2, '22/10/2020', 1, '../subir/64947336/Carmen Cajina_p02_20201022_152311780.jpg'),
(424, 64947336, 'Miriam Hernandez', 13, '22/10/2020', 1, '../subir/64947336/Miriam Hernandez D Herrera_p02_20201022_151619613.jpg'),
(425, 64947336, 'Genesis Sanchez', 24, '22/10/2020', 1, '../subir/64947336/Genesis Sanchez Calero_p02_20201022_150508276.jpg'),
(426, 64947336, 'Solange Vanegas', 26, '22/10/2020', 3, '../subir/64947336/Solange Vanegas Silva_h02_20201022_141710723.jpg'),
(427, 64947336, 'Solange Vanegas', 26, '22/10/2020', 1, '../subir/64947336/Solange Vanegas Silva_p02_20201022_141945901.jpg'),
(428, 64947336, 'Odily Sandino', 15, '22/10/2020', 1, '../subir/64947336/Odily Isamar Sandino Hernandez_p02_20201022_140531465.jpg'),
(429, 169683616, 'Suleyka Juarez', 18, '22/10/2020', 1, '../subir/169683616/Suleyka Juarez Balmaceda_p04_20201022_135520202.jpg'),
(430, 169683616, 'Jordancia Blanco', 16, '22/10/2020', 1, '../subir/169683616/Jordania Blanco Malespin_p02_20201022_133640558.jpg'),
(431, 169683616, 'William Aaron', 8, '22/10/2020', 3, '../subir/169683616/William Aaron Grandos Gomez_h03_20201022_131505203.jpg'),
(432, 169683616, 'William Aaron', 8, '22/10/2020', 1, '../subir/169683616/William Aaron Grandos Gomez_h03_20201022_131505203.jpg'),
(433, 169683616, 'Hoshua CAstillo', 2, '22/10/2020', 3, '../subir/169683616/Joshua Castillo Baltodano_h03_20201022_125428621.jpg'),
(434, 169683616, 'Joshua Castillo', 2, '22/10/2020', 1, '../subir/169683616/Joshua Castillo Baltodano_p04_20201022_130147851.jpg'),
(435, 169683616, 'Linsay Acuña', 19, '22/10/2020', 1, '../subir/169683616/Lidsay Acuña Garcia_p02_20201022_123817686.jpg'),
(436, 169683616, 'Alvaro Acuña', 252, '22/10/2020', 1, '../subir/169683616/Alvaro Rene Acuña Garcia_p02_20201022_123029196.jpg'),
(437, 169683616, 'Odalis Poveda', 19, '22/10/2020', 1, '../subir/169683616/Odalis Michelle Poveda Martinez_p04_20201022_111121456.jpg'),
(438, 169683616, 'Paul Urbina Perez', 5, '22/10/2020', 1, '../subir/169683616/Paul Urbina Perez_p04_20201022_103104507.jpg'),
(439, 169683616, 'Cristhian Calero', 2, '22/10/2020', 1, '../subir/169683616/Cristhian Calero Urbina_p02_20201022_101400445.jpg'),
(440, 97974899, 'Elsi Bojorge', 34, '22/10/2020', 3, '../subir/97974899/Elsi Bojorge_h01_20201022_113522009.jpg'),
(441, 97974899, 'Arlet Gomez', 20, '22/10/2020', 1, '../subir/97974899/Arlet Gomez Yesca_p02_20201022_084825979.jpg'),
(442, 100534005, 'Sonja Meesters', 25, '23/10/2020', 1, '../subir/100534005/Sonja Meesters_p04_20201023_092024592.jpg'),
(443, 100534005, 'Jenifer Zuniga', 15, '23/10/2020', 1, '../subir/100534005/Jenifer Zuniga Lara_p04_20201023_104309262.jpg'),
(444, 100534005, 'Nelly LopeZ', 29, '23/10/2020', 1, '../subir/100534005/Nelly Lopez Ramirez_p02_20201023_114557367.jpg'),
(445, 100534005, 'Marjolaine Cardenas', 10, '23/10/2020', 1, '../subir/100534005/Marjolaine Cardenas Rodriguez_p02_20201023_134037927.jpg'),
(446, 169683616, 'Genesis LOpez', 8, '23/10/2020', 3, '../subir/169683616/Genesis Lopez Lopez_h02_20201023_123832839.jpg'),
(447, 169683616, 'Genesis LOpez', 8, '23/10/2020', 1, '../subir/169683616/Genesis Lopez Lopez_p02_20201023_124143660.jpg'),
(448, 169683616, 'Rafael Briones', 31, '23/10/2020', 3, '../subir/169683616/Rafael Briones Vanegas_h01_20201023_133111821.jpg'),
(449, 169683616, 'Rafael Briones', 31, '23/10/2020', 1, '../subir/169683616/Rafael Briones Vanegas_p02_20201023_133437726.jpg'),
(450, 169683616, 'Marjolaine Cardenas', 10, '23/10/2020', 1, '../subir/169683616/Marjolaine Cardenas Rodriguez_p02_20201023_134037927.jpg'),
(451, 169683616, 'Luisa Soza ', 15, '23/10/2020', 1, '../subir/169683616/Luisa Soza Carmona_p02_20201023_142557156.jpg'),
(452, 169683616, 'Sharon Sanchez ', 541, '23/10/2020', 1, '../subir/169683616/Sharon Sanchez Lopez_p02_20201023_144119718.jpg'),
(453, 169683616, 'Harold Larios', 11, '23/10/2020', 1, '../subir/169683616/Harold Larios Martinez_p04_20201023_150518017.jpg'),
(454, 64947336, 'Karen Chamorro', 17, '23/10/2020', 1, '../subir/64947336/Karen Chamorro Hernadez_p02_20201023_144914408.jpg'),
(455, 64947336, 'Lenin  Juarez', 22, '23/10/2020', 1, '../subir/64947336/Lenin Juarez Rivas_p03_20201023_143347883.jpg'),
(456, 64947336, 'Gloria Mejia', 22, '23/10/2020', 1, '../subir/64947336/Gloria Mejia Cruz_p02_20201023_151917533.jpg'),
(457, 64947336, 'Ligia Orozco', 7, '23/10/2020', 1, '../subir/64947336/Ligia Orozco Logo_p02_20201023_155153010.jpg'),
(458, 64947336, 'Gema Narvaez', 6, '23/10/2020', 1, '../subir/64947336/Gema Narvaez Lopez_p02_20201023_160020522.jpg'),
(459, 64947336, 'Maite Vado', 5, '23/10/2020', 1, '../subir/64947336/Maite Ariela Vado Gaitan_p02_20201023_160931353.jpg'),
(460, 97974899, 'Eugenia Ayala', 15, '23/10/2020', 1, '../subir/97974899/Eugenia Lucia Ayala Guirola_p02_20201023_155503752.jpg'),
(461, 64947336, 'Edward Acevedo', 10, '23/10/2020', 1, '../subir/64947336/Edward Octavio Acevedo Lopez_p02_20201023_161846992.jpg'),
(462, 64947336, 'Tea Aguilar', 11, '23/10/2020', 1, '../subir/64947336/Tea Aguilar Guido_p02_20201023_165737004.jpg'),
(463, 64947336, 'Guillermo Quant ', 11, '23/10/2020', 1, '../subir/64947336/Guillermo Quant_p03_20201023_170339776.jpg'),
(464, 169683616, 'Lisbeth Obando', 4, '24/10/2020', 1, '../subir/169683616/Lisbeth Obando Olivas_p04_20201024_084728009.jpg'),
(465, 169683616, 'Tony Zamoran ', 301079, '24/10/2020', 3, '../subir/169683616/Tony Zamoran Gutierrez_h02_20201024_110340758.jpg'),
(466, 169683616, 'Tony Zamoran', 301079, '24/10/2020', 1, '../subir/169683616/Tony Zamoran Gutierrez_p02_20201024_110621720.jpg'),
(467, 169683616, 'Yuvania Zuniga', 71280, '24/10/2020', 1, '../subir/169683616/Yuvania Isabel Zuniga Gutierrez_p02_20201024_105719162.jpg'),
(468, 169683616, 'Ruben Medrano ', 5690, '24/10/2020', 1, '../subir/169683616/Ruben Alejandro Medrano Morales_p02_20201024_104834330.jpg'),
(469, 169683616, 'Maria Salazar', 17, '24/10/2020', 1, '../subir/169683616/Maria Fernanda Salazar_p02_20201024_103214713.jpg'),
(470, 169683616, 'Virginia SEvilla', 2, '24/10/2020', 1, '../subir/169683616/Virginia Sevilla Garcia_p02_20201024_102331278.jpg'),
(471, 169683616, 'Belinda  Guevara', 25, '24/10/2020', 1, '../subir/169683616/Belinda Guevara Zapata_p02_20201024_101620425.jpg'),
(472, 169683616, 'Absa Tellez', 21, '24/10/2020', 1, '../subir/169683616/Absa Tellez Ramirez_p02_20201024_100633677.jpg'),
(473, 97974899, 'Samuel Escobar Osorio', 8, '24/10/2020', 3, '../subir/97974899/Samuel Andres Escobar Osorio_h02_20201024_112312924.jpg'),
(474, 64947336, 'Gennier Mendoza ', 20, '26/10/2020', 1, '../subir/64947336/Gennier Mendoza Velasquez_p02_20201026_115603491.jpg'),
(475, 64947336, 'Marina Chavarria', 23, '26/10/2020', 1, '../subir/64947336/Marina Chavarria Aguirre_p02_20201026_105024056.jpg'),
(476, 64947336, 'Sommer Duran', 11, '26/10/2020', 3, '../subir/64947336/Sommer Angelica Duran_h02_20201026_121947989.jpg'),
(477, 64947336, 'Sommer Duran', 11, '26/10/2020', 1, '../subir/64947336/Sommer Angelica Duran_p02_20201026_122412176.jpg'),
(478, 64947336, 'Yader Gatica', 18, '26/10/2020', 1, '../subir/64947336/Yader Gatica_p04_20201026_090055609.jpg'),
(479, 64947336, 'Mario Mendez ', 15, '26/10/2020', 1, '../subir/64947336/Mario Mendez Arvizu_p02_20201026_084245592.jpg'),
(480, 64947336, 'William Campos', 6, '26/10/2020', 1, '../subir/64947336/William Jesus Campos Chavez_p02_20201026_092142811.jpg'),
(481, 64947336, 'Feliciano Flores', 15, '26/10/2020', 1, '../subir/64947336/Feliciano Flores_p04_20201026_095144832.jpg'),
(482, 64947336, 'Jose Alcantara', 20, '26/10/2020', 1, '../subir/64947336/Jose Alcantara Urbina_p02_20201026_100422465.jpg'),
(483, 64947336, 'Nohelia MOntoya ', 20, '26/10/2020', 1, '../subir/64947336/Nohelia Argentina Montoya Amador_p02_20201026_103137772.jpg'),
(484, 64947336, 'Martha Alvarez Vega', 27, '26/10/2020', 1, '../subir/64947336/Martha Alvarez Vega_p02_20201026_105721932.jpg'),
(485, 64947336, 'Jasmina Castillo', 19, '26/10/2020', 1, '../subir/64947336/Jasmina Castillo Rueda_p02_20201026_123319029.jpg'),
(486, 169683616, 'Sommer Angelica Duran', 11, '26/10/2020', 3, '../subir/169683616/Sommer Angelica Duran_h02_20201026_121947989.jpg'),
(487, 169683616, 'Sommer Angelica Duran', 11, '26/10/2020', 1, '../subir/169683616/Sommer Angelica Duran_p02_20201026_122412176.jpg'),
(488, 169683616, 'Flavia Tablada', 15, '26/10/2020', 3, '../subir/169683616/Flavia Jeannette Tablada Cuadra_h01_20201026_120848310.jpg'),
(489, 169683616, 'Flavia Tablada', 15, '26/10/2020', 1, '../subir/169683616/Flavia Jeannette Tablada Cuadra_p02_20201026_121137798.jpg'),
(490, 169683616, 'Anabell Centeno Gutierrez', 11, '26/10/2020', 1, '../subir/169683616/Anabell Centeno Gutierrez_p02_20201026_131649664.jpg'),
(491, 169683616, 'Ramiro Juarez', 15, '26/10/2020', 1, '../subir/169683616/Ramiro Juarez Hernadez_p04_20201026_142201692.jpg'),
(492, 169683616, 'Dayana Medina ', 21, '26/10/2020', 1, '../subir/169683616/Dayana Medina Zuniga_p04_20201026_135604175.jpg'),
(493, 169683616, 'Katherine Lugo', 30, '26/10/2020', 1, '../subir/169683616/Ketherine Lugo_p02_20201026_141221196.jpg'),
(494, 169683616, 'Maria Sanchez', 27, '26/10/2020', 1, '../subir/169683616/Maria Sanchez Altamirano_p02_20201026_140414648.jpg'),
(495, 169683616, 'Francisco Gonzalez ', 4, '26/10/2020', 1, '../subir/169683616/Francisco Gonzalez Sevilla_p02_20201026_150339576.jpg'),
(496, 169683616, 'Isaias Carballo', 21, '26/10/2020', 1, '../subir/169683616/Isaias Carballo Campos_p02_20201026_151126779.jpg'),
(497, 169683616, 'Joheysi Blandon', 25, '26/10/2020', 1, '../subir/169683616/Joheysi Soliet Blandon Mendez_p02_20201026_154210956.jpg'),
(498, 169683616, 'Cela Tellez', 4, '26/10/2020', 1, '../subir/169683616/Cela del Carmen Tellez Gonzalez_p02_20201026_153344185.jpg'),
(499, 169683616, 'Nubia Escobar', 6, '26/10/2020', 1, '../subir/169683616/Nubia Lilieth Escobar Galeano_p02_20201026_161221942.jpg'),
(500, 169683616, 'Andrea Nuñez Soza', 1, '26/10/2020', 1, '../subir/169683616/Andrea Renee Nuñez soza_p02_20201026_161953883.jpg'),
(501, 100534005, 'Katlion Moya ', 6, '27/10/2020', 1, '../subir/100534005/Katlin Moya Picado_p04_20201027_100504906.jpg'),
(502, 100534005, 'Doris Elvir', 22, '27/10/2020', 1, '../subir/100534005/Doris Maria Elvir Castro_p03_20201027_092938292.jpg'),
(503, 100534005, 'Matilde Oporta', 16, '27/10/2020', 1, '../subir/100534005/Matilde del Socorro Oporta Ugarte_p02_20201027_093745858.jpg'),
(504, 100534005, 'Hilfren SAborio', 11, '27/10/2020', 1, '../subir/100534005/Hilfrem Saborio Rocha_p02_20201027_102021259.jpg'),
(505, 100534005, 'Kevin Gutierrez', 29, '27/10/2020', 1, '../subir/100534005/Kevin Jose Gutierrez Martinez_p02_20201027_103407093.jpg'),
(506, 100534005, 'Amilkar Varela', 11, '27/10/2020', 3, '../subir/100534005/Amilkar Varela Miranda_h01_20201027_104139943.jpg'),
(507, 100534005, 'Amilkar Varela', 11, '27/10/2020', 1, '../subir/100534005/Amilkar Varela Miranda_p02_20201027_104425945.jpg'),
(508, 100534005, 'Clara Obando', 26, '27/10/2020', 1, '../subir/100534005/Clara Obando Ferrufino_p02_20201027_105124617.jpg'),
(509, 100534005, 'Daniel Urcuyo', 22, '27/10/2020', 1, '../subir/100534005/Daniel Jose Urcuyo Castrillo_p04_20201027_112355258.jpg'),
(510, 100534005, 'Dylan Marenco', 3, '27/10/2020', 3, '../subir/100534005/Dylan Marenco Ramirez_h02_20201027_115330420.jpg'),
(511, 100534005, 'Dylan Marenco', 3, '27/10/2020', 1, '../subir/100534005/Dylan Marenco Ramirez_p02_20201027_115752735.jpg'),
(512, 64947336, 'Grakely Mendoza', 5, '27/10/2020', 3, '../subir/64947336/Grakely Maria Mendoza Mendoza_h02_20201027_121703734.jpg'),
(513, 64947336, 'Grakely Mendoza', 5, '27/10/2020', 1, '../subir/64947336/Grakely Maria Mendoza Mendoza_p04_20201027_122214487.jpg'),
(514, 64947336, 'Stanley Perez', 30, '27/10/2020', 1, '../subir/64947336/Stanley Jose Perez Casco_p02_20201027_122809197.jpg'),
(515, 64947336, 'Amilkar Varela', 11, '27/10/2020', 1, '../subir/64947336/Amilkar Varela Miranda_p02_20201027_104425945.jpg'),
(516, 64947336, 'Amilkar Varela', 11, '27/10/2020', 3, '../subir/64947336/Amilkar Varela Miranda_h01_20201027_104139943.jpg'),
(517, 64947336, 'Reynaldo Marenco ', 23, '27/10/2020', 1, '../subir/64947336/Reynaldo Marenco Meynar_p02_20201027_142337889.jpg'),
(518, 64947336, 'Byron Luna', 19, '27/10/2020', 1, '../subir/64947336/Byron Luna Picado_p02_20201027_140746695.jpg'),
(519, 64947336, 'Isabel Picado', 27, '27/10/2020', 1, '../subir/64947336/Isabel Picado Espinoza_p04_20201027_141708913.jpg'),
(520, 64947336, 'Maxwell Navas', 14, '27/10/2020', 1, '../subir/64947336/Maxwell Navas Garay_p04_20201027_135810002.jpg'),
(521, 64947336, 'Jaimara Murillo', 4, '27/10/2020', 1, '../subir/64947336/Jaimara Nicole Murillo Valle_p02_20201027_145203252.jpg'),
(522, 64947336, 'Paola Ortiz', 18, '27/10/2020', 1, '../subir/64947336/Paola Alexandra Ortiz Aragon_p02_20201027_151010648.jpg'),
(523, 169683616, 'Brayan Urbina Mendoza ', 22, '27/10/2020', 1, '../subir/169683616/Brayan Esteven Urbina Mendoza_p02_20201027_153358380.jpg'),
(524, 169683616, 'Ninoska Peralta ', 26, '27/10/2020', 1, '../subir/169683616/Ninoska Peralta Vigil_p02_20201027_154321656.jpg'),
(525, 100534005, 'Ana Maria Riguero', 30, '28/10/2020', 1, '../subir/100534005/Ana Maria Riguero Baltodano_p02_20201028_094057055.jpg'),
(526, 100534005, 'Reyna Narváez', 1, '28/10/2020', 1, '../subir/100534005/Reyna Nahomi Narvaez Aguirre_p02_20201028_094919111.jpg'),
(527, 100534005, 'Alejandro Montero Aguero', 17, '28/10/2020', 1, '../subir/100534005/Alejandro Montero Aguero_p02_20201028_100004082.jpg'),
(528, 100534005, 'Kevin Icabalzeta', 18, '28/10/2020', 3, '../subir/100534005/Kevin Icabalzeta Amador_h01_20201028_100940219.jpg'),
(529, 100534005, 'Kevin Icabalzeta', 18, '28/10/2020', 1, '../subir/100534005/Kevin Icabalzeta Amador_p02_20201028_101218700.jpg'),
(530, 100534005, 'Ashlyn Lincoln', 30, '28/10/2020', 1, '../subir/100534005/Ashlyn Lincoln Matamoros_p04_20201028_102436336.jpg'),
(531, 100534005, 'Humberto Picado', 20, '28/10/2020', 3, '../subir/100534005/Humberto A Picado Paniagua_p02_20201028_103307919.jpg'),
(532, 100534005, 'Sebastian Rios', 27, '28/10/2020', 1, '../subir/100534005/Sebastian Rios Ubeda_p04_20201028_104312296.jpg'),
(533, 100534005, 'Elvin Joel Gonzalez Blandon', 19, '28/10/2020', 1, '../subir/100534005/Elvin Joel Gonzalez Blandon_p02_20201028_105034946.jpg'),
(534, 100534005, 'Reyna Flores', 6, '28/10/2020', 1, '../subir/100534005/Reyna Flores Castilblanco_p04_20201028_085035457.jpg'),
(535, 100534005, 'Lauren Ramirez', 22, '28/10/2020', 1, '../subir/100534005/Lauren  Ramirez Rivera_p04_20201028_090504735.jpg'),
(536, 169683616, 'Arley Espinoza', 24, '28/10/2020', 1, '../subir/169683616/Arley Paredes Espinoza_p02_20201028_112628770.jpg'),
(537, 169683616, 'Nadiela Gomez', 28, '28/10/2020', 1, '../subir/169683616/Nadiela Gomez Rosales_p02_20201028_115907479.jpg'),
(538, 169683616, 'Angelly Rivas', 21, '28/10/2020', 1, '../subir/169683616/Angelly Rivas Caceres_p02_20201028_120659458.jpg'),
(539, 169683616, 'Blanca Romero', 2, '28/10/2020', 1, '../subir/169683616/Blanca Romero Chavez_p02_20201028_121452257.jpg'),
(540, 169683616, 'Carmen Brenes', 23, '28/10/2020', 1, '../subir/169683616/Carmen Brenes Martinez_p04_20201028_123010039.jpg'),
(541, 169683616, 'Modesto Palacios ', 30, '28/10/2020', 3, '../subir/169683616/Modesto Palacios Solis_h02_20201028_135305727.jpg'),
(542, 169683616, 'Modesro Palacios ', 30, '28/10/2020', 1, '../subir/169683616/Modesto Palacios Solis_p04_20201028_135823156.jpg'),
(543, 169683616, 'Alejandra Padilla', 7, '28/10/2020', 3, '../subir/169683616/Alejandra Padilla Tellez_h01_20201028_134234794.jpg'),
(544, 169683616, 'Alejandra Padilla ', 7, '28/10/2020', 1, '../subir/169683616/Alejandra Padilla Tellez_p02_20201028_134508376.jpg'),
(545, 169683616, 'Abel Ruiz', 27, '28/10/2020', 1, '../subir/169683616/Abel Ruiz Guerrero_p02_20201028_140613172.jpg'),
(546, 64947336, 'Ismael Sanchez', 5, '28/10/2020', 1, '../subir/64947336/Ismael Sanchez_p02_20201028_151408832.jpg'),
(547, 64947336, 'Taufik Arauz ', 7, '28/10/2020', 1, '../subir/64947336/Taufik Arauz Chinchilla_p04_20201028_153046443.jpg'),
(548, 64947336, 'Alexa Ramirez', 20, '28/10/2020', 1, '../subir/64947336/Alexa Ramirez Martinez_p02_20201028_153721636.jpg'),
(549, 64947336, 'Alba Ponce ', 17, '28/10/2020', 1, '../subir/64947336/Alba Ponce Perez_p02_20201028_154351517.jpg'),
(550, 64947336, 'Elaysha Martinez', 5, '28/10/2020', 3, '../subir/64947336/Elaysha Martinez Fajardo_h02_20201028_160126803.jpg'),
(551, 64947336, 'Elaysha Martinez', 5, '28/10/2020', 1, '../subir/64947336/Elaysha Martinez Fajardo_p02_20201028_160333179.jpg'),
(552, 64947336, 'Mario Bermudez', 16, '28/10/2020', 1, '../subir/64947336/Mario Bermudez Gonzalez_p04_20201028_161515702.jpg'),
(553, 97974899, 'Freddy Sarria', 63, '28/10/2020', 1, '../subir/97974899/Freddy Sarria_p04_20201028_123341286.jpg'),
(554, 97974899, 'Alejandra Mayorga', 27, '28/10/2020', 1, '../subir/97974899/Alejandra Mayorga_p04_20201028_142613549.jpg'),
(555, 97974899, 'Alvaro Caldera', 14, '28/10/2020', 3, '../subir/97974899/Alvaro Caldera Kruger_h02_20201028_143733982.jpg'),
(556, 64947336, 'Larrfy Siles', 29, '28/10/2020', 3, '../subir/64947336/Larry Siles Altamirano_h02_20201028_165220455.jpg'),
(557, 64947336, 'Larry Siles ', 29, '28/10/2020', 1, '../subir/64947336/Larry Siles Altamirano_p04_20201028_170622291.jpg'),
(558, 64947336, 'Ruben Rugama ', 16, '29/10/2020', 1, '../subir/64947336/Ruben Alejandro Rugama Quiroz_p02_20201029_095345857.jpg'),
(559, 64947336, 'Yerihsel Gonzalez', 9, '29/10/2020', 3, '../subir/64947336/Yerihsel Gonzalez Sanchez_h02_20201029_101309058.jpg'),
(560, 64947336, 'Maykelinne Palma ', 11, '29/10/2020', 1, '../subir/64947336/Maykelinne Palma Blandon_p02_20201029_103807674.jpg'),
(561, 64947336, 'Grethel Canales ', 4, '29/10/2020', 1, '../subir/64947336/Grethel Canales Cruz_p02_20201029_112705500.jpg'),
(562, 64947336, 'Elvia Cruz', 7, '29/10/2020', 1, '../subir/64947336/Elvia Tamara Cruz Martinez_p02_20201029_113339817.jpg'),
(563, 64947336, 'Rachel Guerrero ', 20, '29/10/2020', 3, '../subir/64947336/Rachel Rossi Guerrero_h01_20201029_115640000.jpg'),
(564, 64947336, 'Yanireth Hernandez', 20, '29/10/2020', 1, '../subir/64947336/Yanireth Hernandez Mendoza_p02_20201029_115113095.jpg'),
(565, 64947336, 'Martha Chavez', 13, '29/10/2020', 1, '../subir/64947336/Martha Chavez_p02_20201029_122832551.jpg'),
(566, 169683616, 'Noelia Gutierrez', 15, '29/10/2020', 3, '../subir/169683616/Noelia Selina Gutierrez Centeno_h02_20201029_133048158.jpg'),
(567, 169683616, 'Noelia Gutierrez', 15, '29/10/2020', 1, '../subir/169683616/Noelia Selina Gutierrez Centeno_p02_20201029_133317700.jpg'),
(568, 169683616, 'Paola Morales ', 29, '29/10/2020', 3, '../subir/169683616/Paola Sofia Morales Lazo_h01_20201029_153106047.jpg'),
(569, 169683616, 'Paola Morales', 29, '29/10/2020', 1, '../subir/169683616/Paola Sofia Morales Lazo_p02_20201029_153326807.jpg'),
(570, 169683616, 'Bartolo Gonzalez ', 8, '29/10/2020', 1, '../subir/169683616/Bartolo Gonzalez Medina_p02_20201029_141244521.jpg'),
(571, 97974899, 'Lidia Tinoco', 16, '29/10/2020', 1, '../subir/97974899/Lidia Tinoco_p02_20201029_131245647.jpg'),
(572, 97974899, 'Maria del Mar Ayestas', 13, '29/10/2020', 3, '../subir/97974899/Maria del Mar Ayestas_h02_20201029_134602766.jpg'),
(573, 97974899, 'Maria del Mar Ayestas', 13, '29/10/2020', 1, '../subir/97974899/Maria del Mar Ayestas_p04_20201029_134917258.jpg'),
(574, 97974899, 'Jose Andres Mejia', 13, '29/10/2020', 1, '../subir/97974899/Jose Andres Mejia_p02_20201029_151347624.jpg'),
(575, 97974899, 'Jose Andres Mejia', 13, '29/10/2020', 3, '../subir/97974899/Jose Andres Mejia_h01_20201029_151128991.jpg'),
(576, 169683616, 'Yalisa Guillen', 12, '29/10/2020', 1, '../subir/169683616/Yalisa Guillen Baltodano_p02_20201029_151015873.jpg'),
(577, 169683616, 'Irma Reyes', 28, '29/10/2020', 1, '../subir/169683616/Irma Reyes Gutierrez_p02_20201029_144931852.jpg'),
(578, 169683616, 'Bosco Ramos', 14, '30/10/2020', 1, '../subir/169683616/Bosco Ramos Urbina_p04_20201030_091921566.jpg'),
(579, 169683616, 'Yessenia Matamoros', 11, '30/10/2020', 1, '../subir/169683616/Yessenia Matamoros Rocha_p02_20201030_092957889.jpg'),
(580, 169683616, 'Yessenia Matamoros', 11, '30/10/2020', 3, '../subir/169683616/Yessenia Matamoros_h01_20201030_092650320.jpg'),
(581, 169683616, 'Elio Cruz', 29, '30/10/2020', 3, '../subir/169683616/Elio Cruz Cuarezma_h02_20201030_101733530.jpg'),
(582, 169683616, 'Elio Cruz', 29, '30/10/2020', 1, '../subir/169683616/Elio Cruz Cuarezma_p02_20201030_102001247.jpg'),
(583, 169683616, 'Vivian Zapata', 10, '30/10/2020', 1, '../subir/169683616/Vivian Zapata Telleria_p02_20201030_112121685.jpg'),
(584, 169683616, 'Ramon Barrios', 23, '30/10/2020', 1, '../subir/169683616/Ramon Barrios Borge_p02_20201030_113225281.jpg'),
(585, 64947336, 'Hansell Pavon', 21, '30/10/2020', 1, '../subir/64947336/Hansell Pavon Valle_p02_20201030_132950139.jpg'),
(586, 64947336, 'Armando Umaña ', 8, '30/10/2020', 1, '../subir/64947336/Armando Jose Umaña Chavez_p02_20201030_125353739.jpg'),
(587, 64947336, 'Karla Sanchez ', 27, '30/10/2020', 1, '../subir/64947336/Karla Sanchez Zamora_p02_20201030_123411647.jpg'),
(588, 64947336, 'Vicente Hernandez', 26, '30/10/2020', 1, '../subir/64947336/Vicente Hernandez Martinez_p02_20201030_133949960.jpg'),
(589, 64947336, 'Jennifer Artola', 14, '30/10/2020', 1, '../subir/64947336/Jennifer Artola Meza_p02_20201030_124323141.jpg'),
(590, 64947336, 'Martha Vasquez', 22, '30/10/2020', 1, '../subir/64947336/Martha Lorena Vasquez D trinidad_p04_20201030_135947275.jpg'),
(591, 64947336, 'Hellen Mercado', 7, '30/10/2020', 1, '../subir/64947336/Hellen Lucia Mercado Lopez_p02_20201030_141116287.jpg'),
(592, 64947336, 'Jennifer Artola', 14, '30/10/2020', 1, '../subir/64947336/Jennifer Artola Meza_p02_20201030_124323141.jpg'),
(593, 64947336, 'Maykelin Rizo', 22, '30/10/2020', 1, '../subir/64947336/Maykelin Rizo Ruiz_p04_20201030_150136446.jpg'),
(594, 64947336, 'Jose Valdivia', 15, '30/10/2020', 1, '../subir/64947336/Jose Adan Valdivia Trujillo_p04_20201030_151046119.jpg'),
(595, 64947336, 'Allisson Nicaragua', 29, '30/10/2020', 1, '../subir/64947336/Alisson Nicaragua Lara_p02_20201030_151610571.jpg'),
(596, 64947336, 'Rosario Reyes', 1, '30/10/2020', 1, '../subir/64947336/Rosario Reyes Farach_p02_20201030_152357754.jpg'),
(597, 64947336, 'Bayardo Vasquez', 6, '30/10/2020', 1, '../subir/64947336/Bayardo Vasquez Garcia_p04_20201030_153418554.jpg'),
(598, 64947336, 'Conny Toruño', 17, '30/10/2020', 1, '../subir/64947336/Conny Toruño Picado_p02_20201030_154012336.jpg'),
(599, 169683616, 'Hebe Gutierrez', 8, '30/10/2020', 1, '../subir/169683616/Hebe Guadalupe Gutierrez Rios_p02_20201030_154709676.jpg'),
(600, 97974899, 'Eduardo Lopez', 14, '30/10/2020', 1, '../subir/97974899/Eduardo Lopez Lechado_p02_20201030_113140418.jpg'),
(601, 169683616, 'Helvin Chevez ', 24, '30/10/2020', 1, '../subir/169683616/Helvin Chevez Lagos_p02_20201030_155427695.jpg'),
(602, 64947336, 'Mireya Sanchez Ramirez', 15, '2/11/2020', 1, '../subir/64947336/Mireya Sanchez Ramirez_p02_20201102_083300045.jpg'),
(603, 64947336, 'Mireya Sanchez Ramirez', 15, '2/11/2020', 3, '../subir/64947336/Mireya Sanchez Ramirez_h02_20201102_083020924.jpg'),
(604, 64947336, 'Scheybell Ruiz', 20, '3/11/2020', 1, '../subir/64947336/Scheybell Ruiz Hernandez_p04_20201103_110559048.jpg'),
(605, 64947336, 'Warren Allen Chavez', 17, '3/11/2020', 3, '../subir/64947336/Warren Allen Chavez_h02_20201103_103818040.jpg'),
(606, 64947336, 'Rosa Maria Paredes', 20, '3/11/2020', 1, '../subir/64947336/Rosa Maria Paredes De fonseca_p02_20201103_102841683.jpg'),
(607, 64947336, 'Eddy Logo Medrano', 7, '3/11/2020', 1, '../subir/64947336/Eddy Logo Medrano_p02_20201103_101751178.jpg'),
(608, 64947336, 'Enrtique Morales', 27, '3/11/2020', 1, '../subir/64947336/Enrique Morales Darce_p04_20201103_101019702.jpg'),
(609, 64947336, 'Harold Torrez', 25, '3/11/2020', 1, '../subir/64947336/Harold Torrez Ubeda_p02_20201103_093316288.jpg'),
(610, 64947336, 'Mauricio Riguero', 15, '3/11/2020', 1, '../subir/64947336/Mauricio Riguero Cortes_p02_20201103_120741384.jpg'),
(611, 64947336, 'Inty Sanchez', 11, '3/11/2020', 1, '../subir/64947336/Inty Sanchez Hernandez_p04_20201103_124018391.jpg'),
(612, 64947336, 'Camila Mendoza', 7, '3/11/2020', 3, '../subir/64947336/Camila Nicole Mendoza Lopez_h01_20201103_133732742.jpg'),
(613, 64947336, 'Camila Mendoza', 7, '3/11/2020', 1, '../subir/64947336/Camila Nicole Mendoza Lopez_p02_20201103_134010615.jpg'),
(614, 64947336, 'Melannie Campos', 13, '3/11/2020', 1, '../subir/64947336/Melannie Campos Caceres_p04_20201103_133034712.jpg'),
(615, 64947336, 'Miguel Aragon Fernandez ', 18, '3/11/2020', 3, '../subir/64947336/Miguel Angel Aragon Fernandez_h02_20201103_135812062.jpg'),
(616, 64947336, 'Denis Reyes Arroliga', 12, '3/11/2020', 1, '../subir/64947336/Denis Alfonso Reyes Arroliga_p04_20201103_141233210.jpg'),
(617, 169683616, 'Rosmely Oports', 11, '3/11/2020', 1, '../subir/169683616/Rosmely Daniela Oporta Mejia_p04_20201103_150211015.jpg'),
(618, 169683616, 'Kurt Thomas', 21, '4/11/2020', 3, '../subir/169683616/Kurt Thomas Alegria_h01_20201104_114629823.jpg'),
(619, 169683616, 'Kurt Thomas', 21, '4/11/2020', 1, '../subir/169683616/Kurt Thomas Alegria_p02_20201104_115101685.jpg'),
(620, 169683616, 'Joao Lopez', 22, '4/11/2020', 3, '../subir/169683616/Joao Josue Lopez Toruño_h03_20201104_113657329.jpg'),
(621, 169683616, 'Joao Lopez', 22, '4/11/2020', 1, '../subir/169683616/Joao Josue Lopez Toruño_p02_20201104_113128789.jpg'),
(622, 169683616, 'Erika Hernandez', 9, '4/11/2020', 1, '../subir/169683616/Erika Hernandez Gonzalez_p04_20201104_085335078.jpg'),
(623, 169683616, 'Tatiana Gonzalez', 23, '4/11/2020', 1, '../subir/169683616/Tatiana Gonzalez Garcia_p02_20201104_110058047.jpg'),
(624, 64947336, 'Tatiana Castellon', 23, '4/11/2020', 1, '../subir/64947336/Tatiana Desiree Castellon Vargas_p02_20201104_125203226.jpg'),
(625, 64947336, 'Claudia Lacayo', 23, '4/11/2020', 1, '../subir/64947336/Claudia Lacayo Moreno_p02_20201104_141320684.jpg'),
(626, 169683616, 'Jannia Escalante', 29, '4/11/2020', 3, '../subir/169683616/Jannia Escalante Gomez_h01_20201104_141904956.jpg'),
(627, 169683616, 'Jannia Escalante', 29, '4/11/2020', 1, '../subir/169683616/Jannia Escalante Gomez_p02_20201104_142305041.jpg'),
(628, 169683616, 'Rosa Canales', 10, '4/11/2020', 1, '../subir/169683616/Rosa Canales Avalos_p02_20201104_143106483.jpg'),
(629, 169683616, '_Cristina Mendez', 19, '4/11/2020', 1, '../subir/169683616/Cristina Mendez Celiz_p02_20201104_135558836.jpg'),
(630, 169683616, 'Aniuska Solano', 22, '4/11/2020', 1, '../subir/169683616/Aniuska Rubi Solano Diaz_p02_20201104_144426364.jpg'),
(631, 169683616, 'Bayardo Granja', 28, '4/11/2020', 1, '../subir/169683616/Bayardo Granja Velasquez_p04_20201104_145520824.jpg'),
(632, 169683616, 'Luisa Calderon', 21, '4/11/2020', 1, '../subir/169683616/Luisa Calderon Parrales_p02_20201104_153901283.jpg'),
(633, 169683616, 'Martha Avendaño', 10, '4/11/2020', 3, '../subir/169683616/Martha Avendaño Obregon_h01_20201104_155917408.jpg'),
(634, 169683616, 'Martha Avendaño', 10, '4/11/2020', 1, '../subir/169683616/Martha Avendaño Obregon_p02_20201104_160357820.jpg'),
(635, 169683616, 'Maria Zamora', 6, '4/11/2020', 1, '../subir/169683616/Maria Fernanda Zamora Otero_p02_20201104_164557585.jpg'),
(636, 64947336, 'Martha Avendaño', 10, '4/11/2020', 3, '../subir/64947336/Martha Avendaño Obregon_h01_20201104_155917408.jpg'),
(637, 64947336, 'Martha Avendaño', 10, '4/11/2020', 1, '../subir/64947336/Martha Avendaño Obregon_p02_20201104_160357820.jpg'),
(638, 64947336, 'Joao Lopez', 22, '4/11/2020', 1, '../subir/64947336/Joao Josue Lopez Toruño_p02_20201104_113128789.jpg'),
(639, 64947336, 'Joseph Garcia', 7, '5/11/2020', 3, '../subir/64947336/Joseph Lazo Garcia_h04_20201105_091321336.jpg'),
(640, 64947336, 'Edwin Duarte', 5, '5/11/2020', 1, '../subir/64947336/Edwin Duarte Solorzano_p02_20201105_092757941.jpg'),
(641, 64947336, 'Alejandra Perez', 10, '5/11/2020', 1, '../subir/64947336/Alejandra Perez Conde_p02_20201105_090337125.jpg'),
(642, 64947336, 'Jasuari Rayo', 18, '5/11/2020', 1, '../subir/64947336/Jasuari Esther Rayo Cabrera_p02_20201105_085816029.jpg'),
(643, 64947336, 'Jazira Vilchez', 31, '5/11/2020', 3, '../subir/64947336/Jazira Vilchez Castillo_h01_20201105_094824188.jpg'),
(644, 64947336, 'Jazira Vilchez', 31, '5/11/2020', 1, '../subir/64947336/Jazira Vilchez Castillo_p02_20201105_095148268.jpg'),
(645, 64947336, 'Renzo Gomez', 16, '5/11/2020', 1, '../subir/64947336/Renzo Gomez Duarte_p02_20201105_100952653.jpg'),
(646, 64947336, 'Norma Alvarez', 1, '5/11/2020', 1, '../subir/64947336/Norma Alvarez Marin_p02_20201105_104708963.jpg'),
(647, 64947336, 'Ligmat Gonzalez', 27, '5/11/2020', 1, '../subir/64947336/Ligmat Gonzalez Hernandez_p04_20201105_105845241.jpg'),
(648, 64947336, 'Xavier Coca', 19, '5/11/2020', 1, '../subir/64947336/Xavier Coca Jarquin_p02_20201105_110450890.jpg'),
(649, 64947336, 'Dereck Ruiz Centeno', 1, '5/11/2020', 1, '../subir/64947336/Dereck Ruiz Centeno_p04_20201105_111534555.jpg'),
(650, 64947336, 'Danna Holman', 21, '5/11/2020', 1, '../subir/64947336/Danna Holman_p04_20201105_113004681.jpg'),
(651, 100534005, 'Cristel Jarquin', 5, '5/11/2020', 1, '../subir/100534005/Cristel Jarquin Mayorga_p02_20201105_123223909.jpg'),
(652, 100534005, 'Diana Castillo', 4, '5/11/2020', 1, '../subir/100534005/Diana Yarelis Diaz Castillo_p02_20201105_124607959.jpg'),
(653, 100534005, 'Jose Campos', 25, '5/11/2020', 1, '../subir/100534005/David Jose Campos Almanza_p02_20201105_125313265.jpg'),
(654, 100534005, 'Bianka Olivares', 2, '5/11/2020', 1, '../subir/100534005/Bianka Olivares Peralta_p04_20201105_133103667.jpg'),
(655, 100534005, 'Edwin Ramos', 6, '5/11/2020', 1, '../subir/100534005/Edwin Ramos Enriquez_p02_20201105_134022861.jpg'),
(656, 100534005, 'Yadira Valverde', 24, '5/11/2020', 1, '../subir/100534005/Yadira Valverde Rivera_p04_20201105_142343893.jpg'),
(657, 100534005, 'David Cortes', 15, '5/11/2020', 1, '../subir/100534005/David Cortes_p04_20201105_141022225.jpg'),
(658, 100534005, 'Marcia Ruiz', 26, '5/11/2020', 1, '../subir/100534005/Marcia Fernanda Ruiz Luquez_p04_20201105_150538492.jpg'),
(659, 100534005, 'Fanny Murillo ', 66, '5/11/2020', 1, '../subir/100534005/Fanny Murillo Rojas_p04_20201105_152737960.jpg'),
(660, 100534005, 'Gabriela Bravo', 29, '5/11/2020', 1, '../subir/100534005/Gabriela Bravo Torres_p02_20201105_153452919.jpg'),
(661, 169683616, 'Belen Obando', 15, '6/11/2020', 3, '../subir/169683616/Belen Obando Mairena_h02_20201106_121829855.jpg'),
(662, 169683616, 'Belen Obando', 15, '6/11/2020', 1, '../subir/169683616/Belen Obando Mairena_p02_20201106_122113386.jpg'),
(663, 169683616, 'Gabriela Gomez', 2, '6/11/2020', 1, '../subir/169683616/Gabriela Gomez Zamora_p02_20201106_121121476.jpg'),
(664, 169683616, 'Luis Cuarezma', 19, '6/11/2020', 3, '../subir/169683616/Luis Cuarezma Olivares_h02_20201106_115620983.jpg'),
(665, 169683616, 'Luis Cuarezma', 19, '6/11/2020', 1, '../subir/169683616/Luis Cuarezma Olivares_p04_20201106_120219535.jpg'),
(666, 169683616, 'Stefany Polanco', 24, '6/11/2020', 1, '../subir/169683616/Stefany Polanco Centeno_p04_20201106_085853136.jpg'),
(667, 169683616, 'Maria Paladino', 25, '6/11/2020', 1, '../subir/169683616/Maria Alicia Paladino_p02_20201106_132805718.jpg'),
(668, 64947336, 'Yadira Palaviccni ', 30, '6/11/2020', 1, '../subir/64947336/Yadira Pallaviccini Romero_p02_20201106_142200249.jpg'),
(669, 169683616, 'Alison Diaz', 4, '6/11/2020', 3, '../subir/169683616/Alison Hildebrandt Diaz_h02_20201106_141031334.jpg'),
(670, 169683616, 'Alison Diaz', 4, '6/11/2020', 1, '../subir/169683616/Alison Hildebrandt Diaz_p04_20201106_141514460.jpg'),
(671, 64947336, 'Naydelin Lumbi', 28, '6/11/2020', 1, '../subir/64947336/Naydelin Lumbi Castro_p04_20201106_150820700.jpg'),
(672, 64947336, 'Cinthya Vega', 24, '6/11/2020', 1, '../subir/64947336/Cinthya Vega Hernandez_p02_20201106_162247550.jpg'),
(673, 64947336, 'Gabriela Gomez', 2, '6/11/2020', 1, '../subir/64947336/Gabriela Gomez Zamora_p02_20201106_121121476.jpg'),
(674, 64947336, 'Luis Cuarezma', 19, '6/11/2020', 3, '../subir/64947336/Luis Cuarezma Olivares_h02_20201106_115620983.jpg'),
(675, 64947336, 'Alison Diaz', 4, '6/11/2020', 3, '../subir/64947336/Alison Hildebrandt Diaz_h02_20201106_141031334.jpg'),
(676, 64947336, 'Maria Paladino', 25, '6/11/2020', 1, '../subir/64947336/Maria Alicia Paladino_p02_20201106_132805718.jpg'),
(677, 64947336, 'Marlene Oseda', 22, '6/11/2020', 1, '../subir/64947336/Marlene del Carmen Oseda Medina_p02_20201106_170436869.jpg'),
(678, 64947336, 'Leandro Gago', 29, '7/11/2020', 1, '../subir/64947336/Leandro Gago Hurtado_p04_20201107_083359018.jpg'),
(679, 64947336, 'Maria Veronica Rosales', 5, '7/11/2020', 3, '../subir/64947336/Maria Veronica Rosales Villalta_h01_20201107_090220665.jpg'),
(680, 64947336, 'Maria Veronica Rosales', 5, '7/11/2020', 1, '../subir/64947336/Maria Veronica Rosales Villalta_p02_20201107_090440254.jpg'),
(681, 64947336, 'Socorro Sierra', 19, '7/11/2020', 1, '../subir/64947336/Socorro del Rosario Sierra_p02_20201107_091629483.jpg'),
(682, 64947336, 'Marlon Galo', 25, '7/11/2020', 3, '../subir/64947336/Marlon Galo Cortes_h02_20201107_092747982.jpg'),
(683, 64947336, 'Marlon Galo', 25, '7/11/2020', 1, '../subir/64947336/Marlon Galo Cortes_p02_20201107_093100428.jpg'),
(684, 64947336, 'Jose Angel Rivera', 11, '7/11/2020', 1, '../subir/64947336/Jose Angel Rivera Medina_p04_20201107_095036011.jpg'),
(685, 64947336, 'Donald Castillo Reyes', 4, '7/11/2020', 1, '../subir/64947336/Donald Castillo Reyes_p04_20201107_100306221.jpg'),
(686, 97974899, 'Ingrid Lopez', 24, '18/11/2020', 1, '../subir/97974899/Ingrid Guadalupe Lopez_p02_20201118_121557244.jpg'),
(687, 97974899, 'Consuelo Polanco', 18, '23/11/2020', 1, '../subir/97974899/Consuelo Polanco_p02_20201123_125708624.jpg'),
(688, 97974899, 'Eloisa Washington', 28, '23/11/2020', 1, '../subir/97974899/Eloisa Washington_p02_20201123_105029079.jpg'),
(689, 97974899, 'Octavio Tercero', 19, '24/11/2020', 1, '../subir/97974899/Octavio Jose Tercero Blandon_p02_20201124_121106202.jpg'),
(690, 97974899, 'Berta Garcia', 85, '24/11/2020', 1, '../subir/97974899/Berta Garcia_p02_20201124_100929374.jpg'),
(691, 97974899, 'Sara Rodriguez', 31, '24/11/2020', 1, '../subir/97974899/Sara Isabel Rodriguez_p02_20201124_083824052.jpg'),
(692, 97974899, 'Pablo Salas', 22, '25/11/2020', 1, '../subir/97974899/Pablo Josue Salas Espinoza_p02_20201125_105417727.jpg'),
(693, 97974899, 'Andrea Solange Cabeza', 13, '25/11/2020', 1, '../subir/97974899/Andrea Solange Cabeza_p02_20201125_135616252.jpg'),
(694, 97974899, 'Andrea Solange Cabeza', 13, '25/11/2020', 3, '../subir/97974899/Andrea Solange Cabeza_h02_20201125_135315182.jpg'),
(695, 97974899, 'Ana Medina', 33, '25/11/2020', 1, '../subir/97974899/Ana Medina_p02_20201125_140541660.jpg'),
(696, 97974899, 'Luis Nicaragua', 16, '25/11/2020', 1, '../subir/97974899/Luis Nicaragua Rodriguez_p03_20201125_141944456.jpg'),
(697, 97974899, 'Luis Nicaragua', 16, '25/11/2020', 3, '../subir/97974899/Luis Nicaragua Rodriguez_h02_20201125_141409085.jpg'),
(698, 97974899, 'Kevin Osorto', 10, '25/11/2020', 3, '../subir/97974899/Kevin Osorto Espinoza_h02_20201125_161601517.jpg'),
(699, 97974899, 'Kevin Osorto', 10, '25/11/2020', 1, '../subir/97974899/Kevin Osorto Espinoza_p02_20201125_161851825.jpg'),
(700, 97974899, 'Emily Solis Quiroz', 13, '27/11/2020', 1, '../subir/97974899/Emily Solis Quiroz_p02_20201127_144903654.jpg'),
(701, 97974899, 'Sigfrid Montes', 20, '27/11/2020', 3, '../subir/97974899/Sigfrid Joel Montes Selva_h01_20201127_103301978.jpg'),
(702, 97974899, 'Brad Solano Murillo', 16, '30/11/2020', 1, '../subir/97974899/Brad Aromo Solano Murillo_p03_20201130_081022748.jpg'),
(703, 97974899, 'Iris Canales', 28, '30/11/2020', 1, '../subir/97974899/Iris Canales Lezama_p02_20201130_130059363.jpg'),
(704, 97974899, 'Alejandro Mccotter', 16, '30/11/2020', 1, '../subir/97974899/Alejandro Mccotter_p02_20201130_144934824.jpg'),
(705, 97974899, 'Sofia Genie Quezada', 11, '30/11/2020', 3, '../subir/97974899/Sofia Genie Quezada_h02_20201130_162758722.jpg'),
(706, 97974899, 'Sofia Genie Quezada', 11, '30/11/2020', 1, '../subir/97974899/Sofia Genie Quezada_p02_20201130_163023708.jpg'),
(707, 97974899, 'Maria Cuarezma', 22, '1/12/2020', 1, '../subir/97974899/Maria Cuarezma_p03_20201201_151310620.jpg'),
(708, 97974899, 'Saeed Abdollahpour', 60, '2/12/2020', 1, '../subir/97974899/Saeed Abdollahpour_p02_20201202_104920134.jpg'),
(709, 97974899, 'Axel Gonzalez', 28, '2/12/2020', 3, '../subir/97974899/Axel Gonzalez_h01_20201202_102036558.jpg'),
(710, 97974899, 'Axel Gonzalez', 28, '2/12/2020', 1, '../subir/97974899/Axel Gonzalez_p02_20201202_102327347.jpg'),
(711, 97974899, 'Jennifer Laguna', 23, '3/12/2020', 1, '../subir/97974899/Jennifer de los Angeles Laguna_p02_20201203_151957693.jpg'),
(712, 97974899, 'Marcia Rodriguez', 46, '3/12/2020', 1, '../subir/97974899/Marcia Rodriguez Molina_p02_20201203_112047312.jpg'),
(713, 97974899, 'Demi Gomez', 22, '3/12/2020', 1, '../subir/97974899/Demi Gomez Rodriguez_p02_20201203_111451272.jpg'),
(714, 97974899, 'Blanca Martinez', 15, '4/12/2020', 1, '../subir/97974899/Blanca Martinez_p02_20201204_095547072.jpg'),
(715, 97974899, 'Tyler Evans', 11, '4/1/2021', 3, '../subir/97974899/Tyler Evans_h01_20210104_105845323.jpg'),
(716, 97974899, 'Tyler Evans', 11, '4/1/2021', 1, '../subir/97974899/Tyler Evans_p02_20210104_110201723.jpg'),
(717, 97974899, 'Rachell Larios', 22, '4/1/2021', 1, '../subir/97974899/Rachell Larios_p02_20210104_135606730.jpg'),
(718, 97974899, 'SONIA CAMPOS', 32, '4/1/2021', 1, '../subir/97974899/Sonia Vanessa Campo_p02_20210104_155629523.jpg'),
(719, 97974899, 'Ana Alvarez', 14, '7/1/2021', 3, '../subir/97974899/Ana Regina Alvarez Membreño_h01_20210107_155132614.jpg'),
(720, 97974899, 'Ana Alvarez', 14, '7/1/2021', 1, '../subir/97974899/Ana Regina Alvarez Membreño_p02_20210107_155435798.jpg'),
(721, 97974899, 'Roxy Martinez', 13, '7/1/2021', 1, '../subir/97974899/Roxy Alejandra Martinez Alvarado_p02_20210107_141045596.jpg'),
(722, 97974899, 'Mistral Sandoval', 31, '7/1/2021', 1, '../subir/97974899/Mistral Sandoval Garcia_p02_20210107_112517226.jpg'),
(723, 97974899, 'Mistral Sandoval', 31, '7/1/2021', 3, '../subir/97974899/Mistral Sandoval Garcia_h01_20210107_112228992.jpg'),
(724, 97974899, 'Daniela Maya', 16, '7/1/2021', 1, '../subir/97974899/Daniela Maya_p04_20210107_102034742.jpg'),
(725, 97974899, 'Gabriel Rosa', 37, '7/1/2021', 1, '../subir/97974899/Gabriel Amaru Rosa Soto_p02_20210107_100307696.jpg'),
(726, 97974899, 'Manuel Hernandez', 14, '7/1/2021', 1, '../subir/97974899/Manuel Hernandez_p02_20210107_091545675.jpg'),
(727, 125680595, 'EMILIO ANTONIO GAITAN FUENTES', 23, '6/4/2021', 1, '../subir/125680595/093b747.png');

-- --------------------------------------------------------

--
-- Estructura de tabla para la tabla `sucursales`
--

CREATE TABLE `sucursales` (
  `indsucursal` int(11) NOT NULL,
  `nombre_sucursal` varchar(50) DEFAULT NULL,
  `user_sucursal` varchar(50) DEFAULT NULL,
  `pass_sucursal` varchar(50) DEFAULT NULL
) ENGINE=InnoDB DEFAULT CHARSET=latin1;

--
-- Volcado de datos para la tabla `sucursales`
--

INSERT INTO `sucursales` (`indsucursal`, `nombre_sucursal`, `user_sucursal`, `pass_sucursal`) VALUES
(1, 'Cental', 'orthodental2018', 'orthodental2018'),
(2, 'Managua', 'managua', 'managua2018*'),
(3, 'Masaya', 'Masaya', 'oc*2018'),
(6, 'Chontales', 'juigalpa', 'juigalpa2019*');

--
-- Índices para tablas volcadas
--

--
-- Indices de la tabla `admistracion`
--
ALTER TABLE `medico`
  ADD PRIMARY KEY (`indmedico`);

--
-- Indices de la tabla `pedido`
--
ALTER TABLE `pedido`
  ADD PRIMARY KEY (`ind`),
  ADD KEY `indmedico` (`indmedico`);

--
-- Indices de la tabla `sucursales`
--
ALTER TABLE `sucursales`
  ADD PRIMARY KEY (`indsucursal`);

--
-- AUTO_INCREMENT de las tablas volcadas
--

--
-- AUTO_INCREMENT de la tabla `admistracion`
--
ALTER TABLE `medico`
  MODIFY `indmedico` int(11) NOT NULL AUTO_INCREMENT, AUTO_INCREMENT=187699406;

--
-- AUTO_INCREMENT de la tabla `pedido`
--
ALTER TABLE `pedido`
  MODIFY `ind` int(11) NOT NULL AUTO_INCREMENT, AUTO_INCREMENT=728;

--
-- AUTO_INCREMENT de la tabla `sucursales`
--
ALTER TABLE `sucursales`
  MODIFY `indsucursal` int(11) NOT NULL AUTO_INCREMENT, AUTO_INCREMENT=7;

--
-- Restricciones para tablas volcadas
--

--
-- Filtros para la tabla `pedido`
--
ALTER TABLE `pedido`
  ADD CONSTRAINT `pedido_ibfk_1` FOREIGN KEY (`indmedico`) REFERENCES `medico` (`indmedico`) ON DELETE CASCADE ON UPDATE CASCADE;
COMMIT;

/*!40101 SET CHARACTER_SET_CLIENT=@OLD_CHARACTER_SET_CLIENT */;
/*!40101 SET CHARACTER_SET_RESULTS=@OLD_CHARACTER_SET_RESULTS */;
/*!40101 SET COLLATION_CONNECTION=@OLD_COLLATION_CONNECTION */;
